1,29.998426,31.252971,57,control2,100,99,55.3,68.2,4,1836,44,20.56,34,15,0,01:34:39,33.7,MIL is OFF0 codes,,
2,29.9918387106,31.2527929815,52,control2,100,99,56.5,69.8,4,1340,61,14.22,33,15,2.3,01:34:46,31.4,MIL is OFF0 codes,,
3,29.9852514213,31.252614963,51,control2,100,98,57.6,76.1,4,1359,69,14.84,33,22,-7,01:34:50,31.8,MIL is OFF0 codes,,
4,29.9786641319,31.2524369444,49,control2,100,98,58.4,87.8,4,2061,30,27.61,33,28,-6.2,01:34:54,36.1,MIL is OFF0 codes,,
5,29.9720768426,31.2522589259,48,control2,100,97,58.8,84.7,4,1412,83,19.3,33,34,3.9,01:34:58,33.7,MIL is OFF0 codes,,
6,29.9654895532,31.2520809074,48,control2,100,96,59.2,100,4,1769,79,26.3,33,44,3.1,01:35:02,36.9,MIL is OFF0 codes,,
7,29.9589022639,31.2519028889,48,control2,100,95,59.6,17.3,4,1757,61,9.57,33,48,5.5,01:35:06,29.4,MIL is OFF0 codes,,
8,29.9523149745,31.2517248704,47,control2,100,94,58.8,72.9,4,1658,39,15.72,33,52,3.1,01:35:10,31.8,MIL is OFF0 codes,,
9,29.9457276852,31.2515468519,45,control2,100,93,58,54.1,4,1448,19,11.72,33,55,10.9,01:35:14,29.8,MIL is OFF0 codes,,
10,29.9391403958,31.2513688333,44,control2,100,93,57.3,33.3,4,1543,40,8.56,33,56,10.2,01:35:18,27.5,MIL is OFF0 codes,,
11,29.9325531065,31.2511908148,43,control2,100,92,56.5,49.8,4,1538,42,11.57,33,57,7,01:35:22,29.8,MIL is OFF0 codes,,
12,29.9259658171,31.2510127963,42,control2,100,91,56.1,51,4,1559,38,11.84,33,57,-0.8,01:35:26,29.8,MIL is OFF0 codes,,
13,29.9193785278,31.2508347778,42,control2,100,90,55.7,45.5,4,1552,35,10.22,33,56,6.2,01:35:30,29,MIL is OFF0 codes,,
14,29.9127912384,31.2506567593,42,control2,100,89,54.9,40.8,4,1525,37,9.17,33,55,4.7,01:35:34,27.8,MIL is OFF0 codes,,
15,29.9062039491,31.2504787407,37,control2,100,88,54.9,42,4,1498,19,9.15,33,53,4.7,01:35:38,27.5,MIL is OFF0 codes,,
16,29.8996166597,31.2503007222,39,control2,100,87,54.5,16.5,4,1439,44,3.99,34,54,13.3,01:35:42,21.2,MIL is OFF0 codes,,
17,29.8930293704,31.2501227037,35,control2,100,87,54.1,50.6,4,1524,36,11.86,33,59,6.2,01:35:46,29.8,,,
18,29.886442081,31.2499446852,34,control2,100,86,54.1,17.3,4,1622,19,4.19,34,58,0,01:35:50,22,,,
19,29.8798547917,31.2497666667,33,control2,100,85,53.7,18,4,1575,19,4.29,34,55,0,01:35:54,21.6,,,
20,29.8732675023,31.2495886481,34,control2,100,84,53.3,42.7,4,1492,32,9.41,34,52,6.2,01:35:58,28.6,MIL is OFF0 codes,,
21,29.866680213,31.2494106296,32,control2,100,83,53.3,40.4,4,1742,20,10.64,,49,0,01:36:02,29,MIL is OFF0 codes,,
22,29.8600929236,31.2492326111,33,control2,100,83,52.9,18,4,1563,23,4.02,34,42,4.7,01:36:06,20.4,MIL is OFF0 codes,,
23,29.8535056343,31.2490545926,32,control2,100,82,52.5,23.9,4,2021,67,7.92,33,,3.1,01:36:10,28.2,MIL is OFF0 codes,,
24,29.8469183449,31.2488765741,34,control2,100,81,53.3,98.8,4,2299,21,34.59,33,53,3.9,01:36:14,38,MIL is OFF0 codes,,
25,29.8403310556,31.2486985556,32,control2,100,81,54.1,60.8,4,1808,48,15.75,33,56,-7.8,01:36:18,31.8,MIL is OFF0 codes,,
26,29.8337437662,31.248520537,31,control2,100,81,54.1,47.8,4,1870,19,12.34,33,54,-3.1,01:36:22,30.2,MIL is OFF0 codes,,
27,29.8271564769,31.2483425185,33,control2,100,81,54.1,18,4,2449,19,7.08,33,45,0,01:36:26,25.9,MIL is OFF0 codes,,
28,29.8205691875,31.2481645,36,control2,100,80,53.7,19.2,4,2130,34,6.23,33,38,0,01:36:30,24.7,MIL is OFF0 codes,,
29,29.8139818981,31.2479864815,33,control2,100,80,53.7,89,4,1953,90,29.66,33,48,0.8,01:36:34,38.4,MIL is OFF0 codes,,
30,29.8073946088,31.247808463,36,control2,100,79,54.9,98,4,2424,76,14.28,33,48,-1.6,01:36:38,29.4,MIL is OFF0 codes,,
31,29.8008073194,31.2476304444,38,control2,100,79,55.3,96.9,4,1587,68,22.37,32,46,-3.9,01:36:42,34.9,MIL is OFF0 codes,,
32,29.7942200301,31.2474524259,40,control2,100,80,55.7,85.5,4,2266,51,28.2,32,45,-7.8,01:36:47,35.7,MIL is OFF0 codes,,
33,29.7876327407,31.2472744074,42,control2,100,80,56.5,51.8,4,2195,45,16.98,33,42,-3.1,01:36:50,32.2,MIL is OFF0 codes,,
34,29.7810454514,31.2470963889,45,control2,100,80,56.1,55.7,4,2124,40,8.32,33,44,5.5,01:36:55,25.9,MIL is OFF0 codes,,
35,29.774458162,31.2469183704,45,control2,100,80,55.7,46.7,4,1554,40,10.7,33,52,0,01:36:59,29.8,MIL is OFF0 codes,,
36,29.7678708727,31.2467403519,42,control2,100,81,55.7,20,4,1770,20,4.78,33,54,0,01:37:03,22.7,MIL is OFF0 codes,,
37,29.7612835833,31.2465623333,44,control2,100,81,54.9,17.3,4,1799,20,4.72,33,51,3.1,01:37:07,22.7,MIL is OFF0 codes,,
38,29.754696294,31.2463843148,41,control2,100,81,54.1,20,4,1671,21,4.03,34,41,10.2,01:37:11,21.2,MIL is OFF0 codes,,
39,29.7481090046,31.2462062963,41,control2,100,80,53.3,20,4,1879,19,5.65,33,32,0,01:37:15,23.9,MIL is OFF0 codes,,
40,29.7415217153,31.2460282778,43,control2,100,80,52.2,53.7,4,1553,24,12.47,33,37,-1.6,01:37:19,30.2,MIL is OFF0 codes,,
41,29.7349344259,31.2458502593,44,control2,100,80,52.5,100,4,1279,64,18.55,33,42,-7.8,01:37:23,34.1,MIL is OFF0 codes,,
42,29.7283471366,31.2456722407,44,control2,100,81,53.3,79.2,4,1476,51,16.85,32,47,-4.7,01:37:27,32.5,MIL is OFF0 codes,,
43,29.7217598472,31.2454942222,44,control2,100,81,53.7,57.6,4,1619,45,14.38,33,50,-10.2,01:37:31,31,MIL is OFF0 codes,,
44,29.7151725579,31.2453162037,45,control2,100,81,53.7,49,4,1699,18,9.44,33,49,-5.5,01:37:35,27.8,MIL is OFF0 codes,,
45,29.7085852685,31.2451381852,45,control2,100,81,53.7,18,4,1619,43,4.22,33,49,0,01:37:39,22.4,MIL is OFF0 codes,,
46,29.7019979792,31.2449601667,42,control2,100,81,53.7,64.3,4,1684,20,16.12,33,53,-0.8,01:37:43,31.8,MIL is OFF0 codes,,
47,29.6954106898,31.2447821481,39,control2,100,81,53.7,19.6,4,1783,19,5.44,33,48,0,01:37:47,23.1,MIL is OFF0 codes,,
48,29.6888234005,31.2446041296,40,control2,100,81,53.7,18.4,4,1511,42,3.92,33,40,0,01:37:51,21.6,MIL is OFF0 codes,,
49,29.6822361111,31.2444261111,41,control2,100,81,53.7,70.6,4,1345,19,13.87,33,40,4.7,01:37:55,31,MIL is OFF0 codes,,
50,29.6756488218,31.2442480926,40,control2,100,81,52.9,20,4,1149,34,3.58,34,17,1.6,01:37:59,18,MIL is OFF0 codes,,
51,29.6690615324,31.2440700741,40,control2,100,81,49.8,36.9,4,817,33,3.95,34,0,-2.3,01:38:03,,MIL is OFF0 codes,,
52,29.6624742431,31.2438920556,40,control2,100,81,49,40.8,4,801,32,4.47,35,0,,01:38:07,20.8,MIL is OFF0 codes,,
53,29.6558869537,31.243714037,40,control2,100,82,49.4,38,4,802,33,4.27,35,0,0.8,01:38:11,20.8,MIL is OFF0 codes,,
54,29.6492996644,31.2435360185,40,control2,100,82,49.8,40,4,795,32,4.21,35,0,-2.3,01:38:15,20.8,MIL is OFF0 codes,,
55,29.642712375,31.243358,40,control2,100,82,50.2,38.4,4,798,32,4.43,35,0,2.3,01:38:19,20.4,MIL is OFF0 codes,,
56,29.6361250856,31.2431799815,40,control2,,83,50.6,38.4,4,798,34,4.29,35,0,2.3,01:38:23,20.4,MIL is OFF0 codes,,
57,29.6295377963,31.243001963,40,control2,100,83,50.6,37.6,4,798,33,4.23,35,0,-2.3,01:38:27,20.4,MIL is OFF0 codes,,
58,29.6229505069,31.2428239444,40,control2,100,83,51,40.8,4,797,23,,33,19,-1.6,01:38:31,30.2,MIL is OFF0 codes,,
59,29.6163632176,31.2426459259,39,control2,100,83,52.2,36.5,4,1728,57,9.48,33,23,4.7,01:38:35,27.8,MIL is OFF0 codes,,
60,29.6097759282,31.2424679074,42,control2,100,82,52.2,96.9,4,2235,82,36.12,32,35,1.6,01:38:39,39.2,MIL is OFF0 codes,,
61,29.6031886389,31.2422898889,41,control2,100,82,53.7,100,4,1914,32,29.83,32,44,-7.8,01:38:43,37.3,MIL is OFF0 codes,,
62,29.5966013495,31.2421118704,36,control2,100,83,54.1,18.8,4,2110,37,5.9,33,33,0,01:38:47,23.9,MIL is OFF0 codes,,
63,29.5900140602,31.2419338519,36,control2,100,83,53.7,100,4,1586,100,30.14,33,43,8.6,01:38:51,41.6,MIL is OFF0 codes,,
64,29.5834267708,31.2417558333,37,control2,100,84,55.3,100,4,2257,83,40.38,32,48,0,01:38:55,81.2,MIL is OFF0 codes,,
65,29.5768394815,31.2415778148,37,control2,100,84,55.7,100,4,1623,82,24.91,32,50,5.5,01:38:59,36.5,MIL is OFF0 codes,,
66,29.5702521921,31.2413997963,38,control2,100,84,56.1,99.2,4,1700,38,23.18,32,48,-12.5,01:39:03,34.5,MIL is OFF0 codes,,
67,29.5636649028,31.2412217778,37,control2,100,84,55.7,17.6,4,1299,21,3.43,32,43,7,01:39:07,20,MIL is OFF0 codes,,
68,29.5570776134,31.2410437593,38,control2,100,84,55.3,64.3,4,1197,43,10.81,32,46,7,01:39:11,29.4,MIL is OFF0 codes,,
69,29.5504903241,31.2408657407,41,control2,100,84,54.9,18.8,4,1289,29,3.43,33,46,6.2,01:39:15,18.8,MIL is OFF0 codes,,
70,29.5439030347,31.2406877222,44,control2,100,84,54.5,15.7,4,1553,39,8.25,33,49,1.6,01:39:19,29,MIL is OFF0 codes,,
71,29.5373157454,31.2405097037,43,control2,100,84,54.5,27.8,4,1653,36,3.96,32,50,0,01:39:23,22,MIL is OFF0 codes,,
72,29.530728456,31.2403316852,43,control2,100,84,54.1,51.4,4,1684,48,14.46,32,53,-3.9,01:39:27,31.4,MIL is OFF0 codes,,
73,29.5241411667,31.2401536667,44,control2,100,83,54.1,16.1,4,1713,20,4.56,32,39,3.9,01:39:31,22,MIL is OFF0 codes,,
74,29.5175538773,31.2399756481,43,control2,100,83,53.3,17.6,4,1706,91,4.22,32,38,3.9,01:39:35,22,MIL is OFF0 codes,,
75,29.510966588,31.2397976296,42,control2,100,83,53.3,100,4,2057,21,36.1,31,51,-3.1,01:39:39,42,MIL is OFF0 codes,,
76,29.5043792986,31.2396196111,41,control2,100,83,54.5,90.2,4,1710,65,22.87,31,56,-2.3,01:39:43,34.9,MIL is OFF0 codes,,
77,29.4977920093,31.2394415926,41,control2,100,83,54.9,67.8,4,1870,50,19,31,57,0,01:39:47,32.9,MIL is OFF0 codes,,
78,29.4912047199,31.2392635741,38,control2,100,83,54.9,48.2,4,1912,18,12.38,32,55,-2.3,01:39:51,29.8,MIL is OFF0 codes,70.6,1
79,29.4846174306,31.2390855556,41,control2,100,83,54.9,29.8,4,1804,24,8.21,32,53,0,01:39:55,27.1,MIL is OFF0 codes,74.9,1
80,29.4780301412,31.238907537,42,control2,100,83,54.5,17.6,4,1765,34,4.64,32,51,0,01:39:59,22.4,MIL is OFF0 codes,63.5,1
81,29.4714428519,31.2387295185,40,control2,100,83,54.1,35.7,4,1716,19,8.1,32,50,0,01:40:03,26.7,MIL is OFF0 codes,,
82,29.4648555625,31.2385515,35,control2,100,83,54.1,49.8,4,1626,40,13.09,32,52,-0.8,01:40:07,30.6,MIL is OFF0 codes,72.5,1
83,29.4582682731,31.2383734815,40,control2,100,82,53.7,47.8,4,1748,32,11.88,32,51,-3.9,01:40:11,29,MIL is OFF0 codes,71,1
84,29.4516809838,31.238195463,36,control2,100,82,53.7,30.6,4,1697,30,7.52,32,48,1.6,01:40:15,26.3,MIL is OFF0 codes,74.1,1
85,29.4450936944,31.2380174444,38,control2,100,82,53.3,35.7,4,1651,24,9.64,32,51,4.7,01:40:19,29,MIL is OFF0 codes,71.8,1
86,29.4385064051,31.2378394259,36,control2,100,82,53.3,18,4,1697,38,4.56,32,53,1.6,01:40:23,22,MIL is OFF0 codes,63.1,1
87,29.4319191157,31.2376614074,32,control2,100,82,52.9,40.8,4,1793,24,10.64,32,54,4.7,01:40:27,29,MIL is OFF0 codes,71.8,1
88,29.4253318264,31.2374833889,28,control2,100,82,52.9,17.6,4,1748,29,4.64,32,51,1.6,01:40:31,22.4,MIL is OFF0 codes,,
89,29.418744537,31.2373053704,24,control2,100,82,52.9,33.7,4,1687,21,8.24,32,49,4.7,01:40:35,27.1,MIL is OFF0 codes,,
90,29.4121572477,31.2371273519,27,control2,100,82,52.9,31.8,4,1640,38,7.69,,49,-1.6,01:40:39,26.3,MIL is OFF0 codes,,
91,29.4055699583,31.2369493333,28,control2,100,82,53.3,47.8,4,1644,57,14.18,32,53,0,01:40:43,31,MIL is OFF0 codes,,
92,29.398982669,31.2367713148,25,control2,100,82,53.3,69.8,4,1788,19,18.55,31,55,-11.7,01:40:47,32.5,MIL is OFF0 codes,,
93,29.3923953796,31.2365932963,21,control2,100,82,53.7,18,4,1769,30,4.71,,51,0,01:40:51,22.4,MIL is OFF0 codes,,
94,29.3858080903,31.2364152778,16,control2,100,82,53.3,37.6,4,1683,31,9.35,32,50,6.2,01:40:55,27.8,MIL is OFF0 codes,,
95,29.3792208009,31.2362372593,17,control2,100,82,53.3,17.3,4,1670,55,4.26,32,49,0,01:40:59,22,MIL is OFF0 codes,,
96,29.3726335116,31.2360592407,16,control2,100,82,53.3,20.4,4,1635,21,4.49,32,38,0,01:41:03,22.4,MIL is OFF0 codes,,
97,29.3660462222,31.2358812222,22,control2,100,82,52.5,23.1,4,1618,21,4.72,32,22,1.6,01:41:07,22.7,MIL is OFF0 codes,,
98,29.3594589329,31.2357032037,26,control2,100,82,51.8,38,4,772,21,4.2,33,18,3.1,01:41:11,20.4,MIL is OFF0 codes,,
99,29.3528716435,31.2355251852,27,control2,100,82,51.8,30.2,4,1452,66,11.18,32,28,8.6,01:41:15,31.8,MIL is OFF0 codes,,
100,29.3462843542,31.2353471667,28,control2,100,82,52.9,44.3,4,1757,52,13.32,32,34,-6.2,01:41:20,30.2,,,
101,29.3396970648,31.2351691481,30,control2,100,82,53.3,73.3,4,1815,43,19.72,31,40,-0.8,01:41:23,33.3,,,
102,29.3331097755,31.2349911296,31,control2,100,82,53.7,44.7,4,1343,20,8.3,32,39,0.8,01:41:28,26.7,,,
103,29.3265224861,31.2348131111,31,control2,100,82,53.3,18.8,4,1287,41,3.4,32,36,14.8,01:41:32,20.4,MIL is OFF0 codes,,
104,29.3199351968,31.2346350926,32,control2,100,82,53.3,38,4,1839,19,10.36,32,36,0,01:41:36,28.6,MIL is OFF0 codes,,
105,29.3133479074,31.2344570741,30,control2,100,82,53.3,76.5,4,1803,68,21.03,,44,7,01:41:39,34.1,MIL is OFF0 codes,,
106,29.3067606181,31.2342790556,30,control2,100,82,54.1,59.2,4,2263,20,9.32,31,43,3.1,01:41:44,26.3,MIL is OFF0 codes,,
107,29.3001733287,31.234101037,29,control2,100,82,54.1,27.8,4,1402,50,7.68,32,42,3.1,01:41:48,26.3,MIL is OFF0 codes,,
108,29.2935860394,31.2339230185,29,control2,100,82,54.5,85.5,4,1421,79,18.09,31,47,3.1,01:41:52,32.9,MIL is OFF0 codes,,
109,29.28699875,31.233745,30,control2,100,83,54.9,76.5,4,1656,20,18.47,31,51,0,01:41:56,32.9,MIL is OFF0 codes,,
110,29.2804114606,31.2335669815,30,control2,100,83,54.9,56.1,4,1399,19,11.5,31,47,1.6,01:42:00,29.8,MIL is OFF0 codes,,
111,29.2738241713,31.233388963,30,control2,100,83,53.7,21.2,4,1116,98,3.49,32,41,5.5,01:42:04,18,MIL is OFF0 codes,,
112,29.2672368819,31.2332109444,32,control2,100,83,53.7,100,4,1427,59,24.53,31,49,6.2,01:42:08,56.9,MIL is OFF0 codes,,
113,29.2606495926,31.2330329259,32,control2,100,83,54.1,18.4,4,1346,50,3.66,32,49,-1.6,01:42:12,19.2,MIL is OFF0 codes,,
114,29.2540623032,31.2328549074,31,control2,100,83,54.1,61.6,4,1374,50,12.46,31,51,-3.9,01:42:16,30.2,MIL is OFF0 codes,,
115,29.2474750139,31.2326768889,31,control2,100,83,54.1,61.6,4,1434,52,12.93,31,54,-2.3,01:42:20,30.6,MIL is OFF0 codes,,
116,29.2408877245,31.2324988704,32,control2,100,83,54.1,61.6,4,1507,39,13.65,31,55,-2.3,01:42:24,31,MIL is OFF0 codes,,
117,29.2343004352,31.2323208519,28,control2,100,83,54.1,52.2,4,1515,51,11.65,31,57,0,01:42:28,29.8,MIL is OFF0 codes,,
118,29.2277131458,31.2321428333,30,control2,100,83,54.1,60.8,4,1570,32,14.37,31,59,0,01:42:32,31,MIL is OFF0 codes,,
119,29.2211258565,31.2319648148,30,control2,100,82,54.1,17.6,4,1570,43,4.12,31,55,0,01:42:36,21.6,MIL is OFF0 codes,,
120,29.2145385671,31.2317867963,30,control2,100,82,54.1,53.7,4,1519,25,11.96,31,56,6.2,01:42:40,29.8,MIL is OFF0 codes,,
121,29.2079512778,31.2316087778,35,control2,100,82,53.7,14.1,4,1740,61,5.5,32,52,1.6,01:42:44,23.1,MIL is OFF0 codes,,
122,29.2013639884,31.2314307593,34,control2,100,82,53.7,100,4,1810,21,29.99,31,55,0.8,01:42:48,38.4,MIL is OFF0 codes,,
123,29.1947766991,31.2312527407,33,control2,100,82,54.1,19.2,4,1750,21,4.9,32,39,3.9,01:42:52,22.4,MIL is OFF0 codes,,
124,29.1881894097,31.2310747222,36,control2,100,82,53.7,25.1,4,1778,99,11.09,31,41,9.4,01:42:56,30.6,MIL is OFF0 codes,,
125,29.1816021204,31.2308967037,37,control2,100,82,54.9,100,4,2180,75,38.29,31,46,-3.1,01:43:00,75.7,MIL is OFF0 codes,,
126,29.175014831,31.2307186852,40,control2,100,82,55.3,16.5,4,1551,57,9,31,44,3.9,01:43:04,29,MIL is OFF0 codes,,
127,29.1684275417,31.2305406667,41,control2,100,83,55.3,61.6,4,1444,55,12.93,31,43,0,01:43:08,30.6,MIL is OFF0 codes,,
128,29.1618402523,31.2303626481,42,control2,100,83,55.3,64.3,4,1435,55,13.24,31,45,-0.8,01:43:12,30.6,MIL is OFF0 codes,,
129,29.155252963,31.2301846296,43,control2,100,83,55.3,55.7,4,1522,45,5.25,31,45,3.1,01:43:16,22,MIL is OFF0 codes,,
130,29.1486656736,31.2300066111,44,control2,100,83,54.9,17.3,4,1479,21,3.99,31,42,12.5,01:43:20,21.2,MIL is OFF0 codes,,
131,29.1420783843,31.2298285926,43,control2,100,83,54.9,21.6,4,1017,21,2.81,32,,4.7,01:43:24,,MIL is OFF0 codes,,
132,29.1354910949,31.2296505741,42,control2,100,82,54.1,20.8,4,1751,35,5.26,32,13,3.1,01:43:28,23.1,MIL is OFF0 codes,,
133,29.1289038056,31.2294725556,41,control2,100,82,49.8,43.5,4,793,32,4.68,32,0,-0.8,01:43:32,21.2,MIL is OFF0 codes,,
134,29.1223165162,31.229294537,41,control2,,82,49.4,36.1,4,791,31,4.17,33,0,0.8,01:43:36,20.4,MIL is OFF0 codes,,
135,29.1157292269,31.2291165185,41,control2,100,82,49.8,33.3,4,806,31,4.01,33,0,5.5,01:43:40,20,MIL is OFF0 codes,,
136,29.1091419375,31.2289385,41,control2,100,82,49.8,37.3,4,787,34,4.08,33,0,3.9,01:43:44,20.4,MIL is OFF0 codes,,
137,29.1025546481,31.2287604815,41,control2,100,83,50.2,35.7,4,801,71,4.14,33,8,2.3,01:43:48,20.4,MIL is OFF0 codes,,
138,29.0959673588,31.228582463,40,control2,100,83,51,37.6,4,1992,52,5.77,31,25,7,01:43:52,22,MIL is OFF0 codes,,
139,29.0893800694,31.2284044444,40,control2,100,83,51.8,85.1,4,1314,66,16.82,31,38,-2.3,01:43:56,33.7,MIL is OFF0 codes,,
140,29.0827927801,31.2282264259,41,control2,100,82,52.9,28.2,4,2310,62,11.72,31,47,1.6,01:44:00,33.3,MIL is OFF0 codes,,
141,29.0762054907,31.2280484074,41,control2,100,82,53.3,59.6,4,1585,45,13.88,31,49,-8.6,01:44:04,31,MIL is OFF0 codes,,
142,29.0696182014,31.2278703889,41,control2,100,82,53.3,59.2,4,1665,19,14.39,31,49,-0.8,01:44:08,31.4,MIL is OFF0 codes,,
143,29.063030912,31.2276923704,42,control2,100,83,53.3,18.4,4,1571,20,4.18,31,34,1.6,01:44:12,21.6,MIL is OFF0 codes,,
144,29.0564436227,31.2275143519,42,control2,100,83,51.8,45.9,4,1097,78,13.45,31,40,13.3,01:44:16,32.2,MIL is OFF0 codes,,
145,29.0498563333,31.2273363333,43,control2,100,83,52.9,62.4,4,2069,49,18.5,31,42,-1.6,01:44:20,32.2,MIL is OFF0 codes,,
146,29.043269044,31.2271583148,45,control2,100,83,53.7,54.5,4,2101,20,14.06,31,39,3.9,01:44:24,28.2,MIL is OFF0 codes,,
147,29.0366817546,31.2269802963,43,control2,100,83,53.3,21.2,4,985,33,2.16,32,20,1.6,01:44:28,19.6,MIL is OFF0 codes,,
148,29.0300944653,31.2268022778,48,control2,100,83,51.4,33.3,4,796,32,3.69,32,15,-6.2,01:44:32,19.6,MIL is OFF0 codes,,
149,29.0235071759,31.2266242593,49,control2,100,83,51.4,44.7,4,1402,21,9.82,31,24,5.5,01:44:36,28.6,MIL is OFF0 codes,,
150,29.0169198866,31.2264462407,47,control2,100,83,52.2,60,4,1236,43,10.72,31,31,4.7,01:44:40,29.4,MIL is OFF0 codes,,
151,29.0103325972,31.2262682222,46,control2,100,83,52.9,53.7,,1627,70,12.69,31,41,-3.9,01:44:44,30.2,MIL is OFF0 codes,,
152,29.0037453079,31.2260902037,45,control2,100,83,53.3,25.9,4,2201,62,7.34,31,51,-6.2,01:44:48,26.3,MIL is OFF0 codes,,
153,28.9971580185,31.2259121852,44,control2,100,83,53.3,20.4,4,1669,41,5.71,31,56,3.9,01:44:52,27.8,MIL is OFF0 codes,,
154,28.9905707292,31.2257341667,42,control2,100,83,53.3,29.4,4,1552,20,4.57,31,56,7,01:44:56,20.4,MIL is OFF0 codes,,
155,28.9839834398,31.2255561481,40,control2,100,83,53.3,17.6,4,1527,36,3.98,31,56,19.5,01:45:00,21.6,MIL is OFF0 codes,,
156,28.9773961505,31.2253781296,39,control2,100,83,53.3,41.6,4,1539,32,9.48,31,57,3.9,01:45:04,27.8,MIL is OFF0 codes,,
157,28.9708088611,31.2252001111,35,control2,100,83,53.3,16.9,4,1577,19,3.96,31,52,0,01:45:08,21.6,MIL is OFF0 codes,,
158,28.9642215718,31.2250220926,32,control2,100,83,52.5,18.4,4,1381,65,3.93,31,52,3.9,01:45:12,20.4,MIL is OFF0 codes,,
159,28.9576342824,31.2248440741,30,control2,100,83,52.9,90.2,4,1777,45,23.7,31,55,0,01:45:16,34.9,MIL is OFF0 codes,,
160,28.9510469931,31.2246660556,32,control2,100,82,53.7,52.2,4,1838,33,14.05,31,53,0,01:45:20,31,MIL is OFF0 codes,70.2,1
161,28.9444597037,31.224488037,33,control2,100,82,53.7,35.7,4,1411,30,7.47,31,49,3.9,01:45:24,24.7,MIL is OFF0 codes,70.6,1
162,28.9378724144,31.2243100185,28,control2,100,82,53.3,22.4,4,1308,21,2.32,31,45,6.2,01:45:29,20,MIL is OFF0 codes,71,1
163,28.931285125,31.224132,28,control2,100,82,53.3,18.4,4,1191,31,3.47,32,35,10.9,01:45:33,19.6,MIL is OFF0 codes,,
164,28.9246978356,31.2239539815,30,control2,100,82,52.5,35.7,4,915,20,3.07,,21,10.2,01:45:37,17.3,MIL is OFF0 codes,,
165,28.9181105463,31.223775963,30,control2,100,82,51,18,4,1493,31,3.91,32,3,7,01:45:41,20.4,MIL is OFF0 codes,,
166,28.9115232569,31.2235979444,30,control2,100,82,50.6,42.7,4,767,32,4.58,32,0,0.8,01:45:45,21.2,MIL is OFF0 codes,,
167,28.9049359676,31.2234199259,30,control2,100,82,51,39.6,4,806,32,4.29,33,0,-1.6,01:45:49,20.4,MIL is OFF0 codes,,
168,28.8983486782,31.2232419074,30,control2,100,82,51.4,38,4,806,34,4.18,33,0,-2.3,01:45:53,20.4,MIL is OFF0 codes,,
169,28.8917613889,31.2230638889,30,control2,100,83,51.8,35.3,4,799,32,4.24,33,0,-2.3,01:45:57,20.4,MIL is OFF0 codes,,
170,28.8851740995,31.2228858704,30,control2,100,83,52.2,36.9,4,802,31,4.23,,0,-3.1,01:46:01,20.4,MIL is OFF0 codes,,
171,28.8785868102,31.2227078519,30,control2,100,83,52.2,37.6,4,817,32,3.99,33,0,1.6,01:46:05,20.4,,,
172,28.8719995208,31.2225298333,30,control2,100,83,52.5,36.1,4,821,32,4.11,33,0,2.3,01:46:09,20.4,,,
173,28.8654122315,31.2223518148,30,control2,100,83,52.5,37.3,4,790,34,4.14,33,0,0.8,01:46:13,20.4,,,
174,28.8588249421,31.2221737963,30,control2,100,83,52.5,38.4,4,798,32,4.49,33,0,0.8,01:46:17,20.4,,,
175,28.8522376528,31.2219957778,30,control2,100,83,52.9,39.2,4,789,33,4.39,33,0,0.8,01:46:21,20.8,,,
176,28.8456503634,31.2218177593,30,control2,100,83,52.9,38.4,4,793,35,4.29,33,0,0.8,01:46:25,20.8,,,
177,28.8390630741,31.2216397407,30,control2,100,83,52.9,39.2,4,793,50,4.55,33,1,-3.1,01:46:29,20.8,,,
178,28.8324757847,31.2214617222,30,control2,100,83,53.3,82.4,4,1043,32,14.34,32,15,0,01:46:33,31.4,,,
179,28.8258884954,31.2212837037,36,control2,100,84,54.5,86.7,4,1664,20,22.01,31,29,-3.1,01:46:37,34.5,,,
180,28.819301206,31.2211056852,33,control2,100,84,55.7,91,4,1530,81,21.85,31,39,-0.8,01:46:41,35.3,,,
181,28.8127139167,31.2209276667,32,control2,100,84,56.9,100,4,2091,80,32.27,31,48,-6.2,01:46:45,37.6,MIL is OFF0 codes,,
182,28.8061266273,31.2207496481,36,control2,100,85,56.9,100,4,1653,81,24.96,30,55,3.1,01:46:49,36.1,MIL is OFF0 codes,,
183,28.799539338,31.2205716296,37,control2,100,85,56.9,40,4,2017,70,5.66,31,55,3.9,01:46:53,23.5,MIL is OFF0 codes,,
184,28.7929520486,31.2203936111,36,control2,100,85,56.5,81.6,4,1516,59,18.36,30,57,0,01:46:57,32.9,MIL is OFF0 codes,,
185,28.7863647593,31.2202155926,34,control2,100,86,56.5,62.4,4,1592,31,12.49,31,57,-2.3,01:47:01,29.8,MIL is OFF0 codes,,
186,28.7797774699,31.2200375741,35,control2,100,86,56.1,45.9,4,1565,46,10.44,31,57,4.7,01:47:05,29,MIL is OFF0 codes,,
187,28.7731901806,31.2198595556,37,control2,100,85,55.7,54.1,4,1546,62,12.09,30,55,-0.8,01:47:09,30.2,MIL is OFF0 codes,,
188,28.7666028912,31.219681537,37,control2,100,85,55.7,84.3,4,1498,32,18.92,30,51,-5.5,01:47:13,33.7,MIL is OFF0 codes,,
189,28.7600156019,31.2195035185,40,control2,100,85,55.3,84.7,4,1718,68,20.98,30,54,1.6,01:47:17,34.1,MIL is OFF0 codes,,
190,28.7534283125,31.2193255,42,control2,100,85,55.7,83.9,4,1842,54,23.03,30,58,2.3,01:47:21,34.5,MIL is OFF0 codes,,
191,28.7468410231,31.2191474815,45,control2,100,84,55.7,63.5,4,1966,47,18.4,30,58,1.6,01:47:25,32.2,MIL is OFF0 codes,,
192,28.7402537338,31.218969463,44,control2,100,84,55.7,56.1,4,1596,44,12.72,30,59,4.7,01:47:29,30.2,MIL is OFF0 codes,,
193,28.7336664444,31.2187914444,44,control2,100,84,55.3,50.6,4,1612,43,11.93,31,59,4.7,01:47:33,29.8,MIL is OFF0 codes,,
194,28.7270791551,31.2186134259,49,control2,100,84,55.3,50.2,4,1621,42,12.07,30,60,-0.8,01:47:37,29.8,MIL is OFF0 codes,,
195,28.7204918657,31.2184354074,48,control2,100,84,54.9,39.2,4,1637,33,9.36,31,59,3.9,01:47:41,27.8,MIL is OFF0 codes,,
196,28.7139045764,31.2182573889,48,control2,100,84,54.9,39.6,4,1611,30,9,31,59,-0.8,01:47:45,26.7,MIL is OFF0 codes,,
197,28.707317287,31.2180793704,46,control2,100,83,54.9,34.1,4,1616,32,8.2,31,60,-1.6,01:47:49,26.7,MIL is OFF0 codes,,
198,28.7007299977,31.2179013519,44,control2,100,83,54.5,36.5,4,1665,32,8.76,31,62,3.1,01:47:53,27.1,MIL is OFF0 codes,,
199,28.6941427083,31.2177233333,42,control2,100,83,54.5,43.1,4,1670,18,11.48,31,57,-3.1,01:47:57,29.8,MIL is OFF0 codes,,
200,28.687555419,31.2175453148,38,control2,100,83,54.5,32.9,4,1014,43,6.85,31,52,3.9,01:48:01,25.5,MIL is OFF0 codes,,
201,28.6809681296,31.2173672963,39,control2,100,82,54.1,52.5,4,1720,19,13.42,31,49,2.3,01:48:05,30.6,MIL is OFF0 codes,,
202,28.6743808403,31.2171892778,38,control2,100,82,54.1,38.4,4,1570,47,10.47,31,52,4.7,01:48:09,29,MIL is OFF0 codes,,
203,28.6677935509,31.2170112593,35,control2,100,82,54.1,54.1,4,1802,19,14.11,31,57,2.3,01:48:13,31,MIL is OFF0 codes,,
204,28.6612062616,31.2168332407,34,control2,100,82,53.7,18.8,4,1303,21,3.22,31,56,-0.8,01:48:17,18.8,MIL is OFF0 codes,,
205,28.6546189722,31.2166552222,34,control2,100,82,53.3,18.4,4,1524,20,4.06,31,53,0,01:48:21,21.6,MIL is OFF0 codes,,
206,28.6480316829,31.2164772037,37,control2,100,82,53.3,18.8,4,1429,20,3.87,31,49,0,01:48:25,21.2,MIL is OFF0 codes,,
207,28.6414443935,31.2162991852,40,control2,100,82,52.9,19.2,4,1330,21,3.83,31,42,0,01:48:29,20.8,MIL is OFF0 codes,,
208,28.6348571042,31.2161211667,40,control2,100,82,52.5,18.8,4,1541,21,5.75,32,31,0,01:48:33,24.7,MIL is OFF0 codes,,
209,28.6282698148,31.2159431481,39,control2,100,81,51.8,20.4,4,1417,34,4.07,32,15,7,01:48:37,20,MIL is OFF0 codes,,
210,28.6216825255,31.2157651296,37,control2,100,81,49,41.2,4,751,33,4.57,32,3,-2.3,01:48:41,21.2,MIL is OFF0 codes,,
211,28.6150952361,31.2155871111,39,control2,100,81,49.4,74.5,4,1114,24,11.49,32,0,1.6,01:48:45,29.8,MIL is OFF0 codes,,
212,28.6085079468,31.2154090926,39,control2,100,82,48.6,62,4,1002,40,7.65,32,0,1.6,01:48:49,18.4,MIL is OFF0 codes,,
213,28.6019206574,31.2152310741,39,control2,,82,49.4,56.5,4,760,58,5.61,31,14,2.3,01:48:53,25.5,MIL is OFF0 codes,,
214,28.5953333681,31.2150530556,39,control2,100,82,51.4,22,4,1911,60,4.8,31,23,-0.8,01:48:57,22,MIL is OFF0 codes,,
215,28.5887460787,31.214875037,37,control2,,82,52.2,16.9,4,1437,89,10.65,31,29,-3.1,01:49:01,30.6,MIL is OFF0 codes,,
216,28.5821587894,31.2146970185,35,control2,100,82,53.3,100,4,1580,84,24.7,30,41,1.6,01:49:05,36.5,MIL is OFF0 codes,,
217,28.5755715,31.214519,34,control2,100,82,54.9,100,4,2171,76,33.73,30,47,3.1,01:49:09,38,MIL is OFF0 codes,,
218,28.5689842106,31.2143409815,35,control2,100,82,55.3,91.8,4,1622,71,21.87,30,53,-4.7,,34.5,MIL is OFF0 codes,,
219,28.5623969213,31.214162963,36,control2,100,83,55.7,91.8,4,1803,35,24.49,30,56,0,01:49:17,35.3,MIL is OFF0 codes,,
220,28.5558096319,31.2139849444,39,control2,100,83,55.7,44.3,4,1809,72,19.39,30,55,0.8,01:49:21,32.2,MIL is OFF0 codes,,
221,28.5492223426,31.2138069259,41,control2,100,83,55.7,87.1,4,1523,72,19.38,30,56,-3.9,01:49:25,33.7,MIL is OFF0 codes,,
222,28.5426350532,31.2136289074,43,control2,100,83,55.7,89.4,4,1521,70,19.98,30,57,-6.2,01:49:29,33.7,MIL is OFF0 codes,,
223,28.5360477639,31.2134508889,40,control2,100,83,56.1,37.6,4,1586,19,8.68,30,59,3.1,01:49:33,27.1,MIL is OFF0 codes,,
224,28.5294604745,31.2132728704,43,control2,100,83,55.7,37.3,4,1624,38,9.19,31,,6.2,01:49:38,27.5,MIL is OFF0 codes,,
225,28.5228731852,31.2130948519,44,control2,,83,55.3,50.6,4,1700,19,12.82,30,62,1.6,01:49:41,30.2,MIL is OFF0 codes,,
226,28.5162858958,31.2129168333,44,control2,100,83,54.9,18,4,1622,34,4.27,31,54,1.6,01:49:45,21.6,MIL is OFF0 codes,,
227,28.5096986065,31.2127388148,43,control2,100,83,54.5,44.7,4,1451,43,9.41,31,51,0,01:49:50,27.8,MIL is OFF0 codes,,
228,28.5031113171,31.2125607963,45,control2,100,83,54.5,54.1,4,1392,59,10.63,30,51,6.2,01:49:54,29.4,MIL is OFF0 codes,,
229,28.4965240278,31.2123827778,48,control2,100,83,54.5,71.4,4,1427,58,14.65,30,54,-3.1,01:49:58,31.4,MIL is OFF0 codes,,
230,28.4899367384,31.2122047593,48,control2,100,83,54.5,71.8,4,1494,58,15.53,30,56,0,01:50:02,31.8,MIL is OFF0 codes,,
231,28.4833494491,31.2120267407,44,control2,100,83,54.5,60.8,4,1538,19,12.3,30,53,0,01:50:06,29.4,MIL is OFF0 codes,,
232,28.4767621597,31.2118487222,42,control2,100,83,54.1,18.4,4,1426,38,3.94,31,49,0,01:50:10,21.2,MIL is OFF0 codes,,
233,28.4701748704,31.2116707037,44,control2,100,,53.7,12.2,4,1238,20,3.42,31,42,0,01:50:14,23.5,MIL is OFF0 codes,,
234,28.463587581,31.2114926852,43,control2,100,82,52.9,20,4,1876,57,5.47,31,38,3.1,01:50:18,23.5,MIL is OFF0 codes,,
235,28.4570002917,31.2113146667,41,control2,100,82,52.9,100,4,2032,81,32.77,30,47,-7.8,01:50:22,37.6,MIL is OFF0 codes,,
236,28.4504130023,31.2111366481,46,control2,100,82,53.7,89.4,4,1640,39,19.8,,52,-2.3,01:50:26,30.2,MIL is OFF0 codes,60.8,1
237,28.443825713,31.2109586296,46,control2,100,82,53.7,,4,1462,36,9.88,30,59,3.1,01:50:30,27.8,MIL is OFF0 codes,,
238,28.4372384236,31.2107806111,43,control2,100,82,53.3,41.2,4,1632,18,9.79,30,60,-2.3,01:50:34,28.6,MIL is OFF0 codes,,
239,28.4306511343,31.2106025926,40,control2,100,83,53.3,17.6,4,1608,21,4.22,31,55,0,01:50:38,22,MIL is OFF0 codes,,
240,28.4240638449,31.2104245741,35,control2,100,83,52.9,18,4,1467,20,3.97,31,50,0,01:50:42,21.2,MIL is OFF0 codes,61.6,1
241,28.4174765556,31.2102465556,37,control2,100,82,,18.8,4,1325,21,3.72,31,45,0,01:50:46,20.4,MIL is OFF0 codes,,
242,28.4108892662,31.210068537,38,control2,100,82,52.5,18.4,4,1234,20,3.42,31,44,14.8,01:50:50,20,MIL is OFF0 codes,,
243,28.4043019769,31.2098905185,38,control2,100,82,52.5,20.4,4,1190,21,3.57,31,41,8.6,01:50:54,19.6,MIL is OFF0 codes,58.4,1
244,28.3977146875,31.2097125,38,control2,100,82,52.2,31.8,4,1156,36,3.57,31,39,14.1,01:50:58,22.7,MIL is OFF0 codes,,
245,28.3911273981,31.2095344815,38,control2,100,82,52.2,25.1,4,1948,21,5.47,31,37,0,01:51:02,23.5,MIL is OFF0 codes,,
246,28.3845401088,31.209356463,40,control2,100,82,52.2,19.2,4,1778,55,7.32,30,41,-1.6,01:51:06,27.8,MIL is OFF0 codes,,
247,28.3779528194,31.2091784444,40,control2,100,82,52.5,85.1,4,2158,48,28.48,30,48,0,01:51:10,36.1,MIL is OFF0 codes,,
248,28.3713655301,31.2090004259,38,control2,100,82,52.9,59.6,4,1635,36,14.39,30,52,-5.5,01:51:14,31,MIL is OFF0 codes,,
249,28.3647782407,31.2088224074,40,control2,100,83,52.9,32.2,4,1735,19,8.14,30,49,0,01:51:18,26.7,MIL is OFF0 codes,,
250,28.3581909514,31.2086443889,37,control2,100,83,52.9,18,4,1596,20,4.2,31,44,0,01:51:22,21.6,MIL is OFF0 codes,,
251,28.351603662,31.2084663704,39,control2,100,82,52.5,18.4,4,1445,20,3.97,31,40,0,01:51:26,21.2,,,
252,28.3450163727,31.2082883519,35,control2,100,82,52.2,22.4,4,948,21,3.68,31,30,10.9,01:51:30,20.4,,,
253,28.3384290833,31.2081103333,33,control2,100,82,50.6,30.6,4,1568,42,5.57,31,36,1.6,01:51:34,22,,,
254,28.331841794,31.2079323148,33,control2,100,81,49.8,86.3,4,1869,36,24.24,30,45,0,01:51:38,34.9,,,
255,28.3252545046,31.2077542963,33,control2,100,81,51,78,4,1435,51,17.04,30,44,-3.9,01:51:42,32.5,MIL is OFF0 codes,,
256,28.3186672153,31.2075762778,32,control2,100,82,51.8,48.6,4,1462,27,8.54,30,39,-3.9,01:51:46,26.3,MIL is OFF0 codes,,
257,28.3120799259,31.2073982593,35,control2,100,83,52.2,60.8,4,1273,69,12.08,30,38,-1.6,01:51:50,30.2,MIL is OFF0 codes,,
258,28.3054926366,31.2072202407,36,control2,100,83,52.5,83.5,4,1293,77,17.41,30,42,-0.8,01:51:54,33.3,MIL is OFF0 codes,,
259,28.2989053472,31.2070422222,37,control2,100,83,53.3,91.8,4,1446,72,19.88,30,47,-3.1,01:51:58,33.7,MIL is OFF0 codes,,
260,28.2923180579,31.2068642037,36,control2,100,83,54.1,52.9,4,1605,19,10.26,30,43,-2.3,01:52:02,26.7,MIL is OFF0 codes,,
261,28.2857307685,31.2066861852,38,control2,100,82,54.1,18.4,4,1399,91,3.64,30,42,10.9,01:52:06,23.5,MIL is OFF0 codes,,
262,28.2791434792,31.2065081667,41,control2,100,82,54.5,100,4,1426,59,22.27,30,43,-3.1,01:52:10,36.1,MIL is OFF0 codes,,
263,28.2725561898,31.2063301481,43,control2,100,82,54.9,64.7,4,1436,74,12.98,30,44,-3.9,01:52:14,30.6,MIL is OFF0 codes,,
264,28.2659689005,31.2061521296,42,control2,100,82,55.3,90.2,4,1512,64,20.44,30,48,1.6,01:52:18,34.1,MIL is OFF0 codes,,
265,28.2593816111,31.2059741111,39,control2,100,83,55.7,64.3,4,1637,44,15.8,30,50,-0.8,01:52:22,31.8,MIL is OFF0 codes,,
266,28.2527943218,31.2057960926,43,control2,100,83,55.7,36.5,4,1657,22,9.01,30,50,1.6,01:52:26,27.5,MIL is OFF0 codes,,
267,28.2462070324,31.2056180741,46,control2,100,83,55.3,17.6,4,1665,20,4.47,30,42,0,01:52:30,22,MIL is OFF0 codes,,
268,28.2396197431,31.2054400556,45,control2,100,83,54.1,27.8,4,778,49,4.84,31,37,0,01:52:34,23.1,MIL is OFF0 codes,,
269,28.2330324537,31.205262037,43,control2,100,83,53.3,48.6,4,1940,21,14.15,30,40,7.8,01:52:38,31,MIL is OFF0 codes,,
270,28.2264451644,31.2050840185,43,control2,100,82,53.3,20,4,1910,20,5.67,30,33,0,01:52:42,23.5,MIL is OFF0 codes,,
271,28.219857875,31.204906,43,control2,100,82,52.9,18.4,4,1494,29,3.87,31,23,3.9,01:52:46,20.4,MIL is OFF0 codes,,
272,28.2132705856,31.2047279815,44,control2,100,82,52.2,37.6,4,795,35,4.22,31,9,-2.3,01:52:50,20.4,MIL is OFF0 codes,,
273,28.2066832963,31.204549963,46,control2,100,83,51.8,38.4,4,793,32,4.18,32,1,-0.8,01:52:54,20.4,MIL is OFF0 codes,,
274,28.2000960069,31.2043719444,46,control2,100,83,51,37.6,4,803,33,4.28,32,0,-5.5,01:52:58,20.4,MIL is OFF0 codes,,
275,28.1935087176,31.2041939259,46,control2,100,83,51,36.9,4,787,33,4.07,32,0,1.6,01:53:02,20.4,MIL is OFF0 codes,,
276,28.1869214282,31.2040159074,46,control2,100,83,51.4,36.1,4,794,34,4.04,32,0,3.9,01:53:06,20.4,MIL is OFF0 codes,,
277,28.1803341389,31.2038378889,46,control2,100,84,51.4,38,4,789,33,4.11,32,0,2.3,01:53:10,20.4,MIL is OFF0 codes,,
278,28.1737468495,31.2036598704,46,control2,100,84,51.4,37.3,4,795,33,3.94,32,0,2.3,01:53:14,20.4,MIL is OFF0 codes,,
279,28.1671595602,31.2034818519,46,control2,100,84,51.4,38.8,4,799,32,4.1,32,0,3.9,01:53:18,20.4,MIL is OFF0 codes,,
280,28.1605722708,31.2033038333,46,control2,100,84,51.8,38,4,794,34,4.25,32,0,2.3,01:53:22,20.4,MIL is OFF0 codes,,
281,28.1539849815,31.2031258148,46,control2,100,84,51.8,36.5,4,786,32,4.16,32,0,1.6,01:53:26,20.4,MIL is OFF0 codes,,
282,28.1473976921,31.2029477963,46,control2,100,84,51.8,36.9,4,799,31,4.09,32,0,2.3,01:53:30,20.4,MIL is OFF0 codes,,
283,28.1408104028,31.2027697778,46,control2,100,84,51.8,40,4,800,34,4.19,32,0,-1.6,01:53:34,20.8,MIL is OFF0 codes,,
284,28.1342231134,31.2025917593,46,control2,100,84,51.8,41.6,4,806,98,4.4,32,5,1.6,01:53:38,21.2,MIL is OFF0 codes,,
285,28.1276358241,31.2024137407,46,control2,101,84,52.9,100,4,1223,20,18.58,31,,5.5,01:53:42,33.7,MIL is OFF0 codes,,
286,28.1210485347,31.2022357222,50,control2,101,85,53.3,100,4,1359,71,17.01,30,28,5.5,01:53:46,34.9,MIL is OFF0 codes,,
287,28.1144612454,31.2020577037,47,control2,101,85,54.5,47.8,4,1800,48,17.22,30,33,3.9,01:53:50,31.8,MIL is OFF0 codes,,
288,28.107873956,31.2018796852,48,control2,101,85,54.9,55.7,4,1653,49,14.25,30,35,-1.6,01:53:54,31,MIL is OFF0 codes,,
289,28.1012866667,31.2017016667,46,control2,101,86,54.9,54.9,4,1739,36,13.71,30,35,-7.8,01:53:58,30.2,MIL is OFF0 codes,,
290,28.0946993773,31.2015236481,47,control2,101,86,54.9,63.5,4,1768,35,,30,38,-3.9,01:54:03,32.2,MIL is OFF0 codes,,
291,28.088112088,31.2013456296,46,control2,101,87,55.3,17.3,4,1823,19,4.84,31,30,0,01:54:06,22.7,MIL is OFF0 codes,,
292,28.0815247986,31.2011676111,45,control2,101,87,54.5,18,4,1422,21,3.81,31,26,3.1,01:54:10,21.2,MIL is OFF0 codes,,
293,28.0749375093,31.2009895926,44,control2,101,87,53.7,31.8,4,898,32,4.16,32,8,3.1,01:54:15,19.2,MIL is OFF0 codes,,
294,28.0683502199,31.2008115741,43,control2,101,87,52.9,37.3,4,794,34,4.16,32,2,-2.3,01:54:19,20.4,MIL is OFF0 codes,,
295,28.0617629306,31.2006335556,43,control2,101,87,52.5,42.7,4,775,33,4.51,31,8,4.7,01:54:23,21.2,MIL is OFF0 codes,,
296,28.0551756412,31.200455537,44,control2,101,88,52.9,45.9,4,840,43,4.78,31,14,3.9,01:54:27,21.6,MIL is OFF0 codes,,
297,28.0485883519,31.2002775185,49,control2,101,88,53.3,53.3,4,1407,24,10.37,31,25,3.1,01:54:31,30.6,MIL is OFF0 codes,,
298,28.0420010625,31.2000995,45,control2,101,88,53.7,38.4,4,1307,23,9.71,31,27,4.7,01:54:35,28.6,MIL is OFF0 codes,,
299,28.0354137731,31.1999214815,44,control2,101,88,52.9,43.9,4,814,32,4.76,31,10,-2.3,01:54:39,20.4,MIL is OFF0 codes,,
300,28.0288264838,31.199743463,45,control2,101,88,51.8,38.4,4,773,35,4.48,32,0,0,01:54:43,20.8,MIL is OFF0 codes,,
301,28.0222391944,31.1995654444,44,control2,101,89,51.4,36.1,4,802,32,4.18,32,0,-3.1,01:54:47,20.4,MIL is OFF0 codes,,
302,28.0156519051,31.1993874259,46,control2,101,89,51.4,34.5,4,799,33,4.13,32,0,-1.6,01:54:51,20.4,MIL is OFF0 codes,,
303,28.0090646157,31.1992094074,46,control2,101,90,51.4,36.9,4,803,33,4.15,32,0,-2.3,01:54:55,20.4,MIL is OFF0 codes,,
304,28.0024773264,31.1990313889,46,control2,101,90,51.8,36.5,4,799,33,4.08,32,0,-2.3,01:54:59,20.4,MIL is OFF0 codes,,
305,27.995890037,31.1988533704,46,control2,101,90,51.8,34.9,4,809,31,4.07,32,0,-1.6,01:55:03,20.4,MIL is OFF0 codes,,
306,27.9893027477,31.1986753519,46,control2,101,90,51.8,36.5,4,807,32,3.85,32,0,2.3,01:55:07,20,MIL is OFF0 codes,,
307,27.9827154583,31.1984973333,46,control2,101,91,51.8,,4,804,31,3.97,32,0,2.3,01:55:11,20,MIL is OFF0 codes,,
308,27.976128169,31.1983193148,46,control2,101,91,51.8,35.3,4,822,33,3.94,33,0,2.3,01:55:15,20,MIL is OFF0 codes,,
309,27.9695408796,31.1981412963,46,control2,101,91,51.8,34.5,4,807,32,3.85,33,0,2.3,01:55:19,20,MIL is OFF0 codes,,
310,27.9629535903,31.1979632778,46,control2,101,92,51.8,36.1,4,815,32,3.87,,0,2.3,01:55:23,20,MIL is OFF0 codes,,
311,27.9563663009,31.1977852593,46,control2,101,92,51.8,35.3,4,805,33,3.97,33,0,2.3,01:55:27,20.4,MIL is OFF0 codes,,
312,27.9497790116,31.1976072407,46,control2,101,92,52.2,33.7,4,801,33,3.91,33,0,3.9,01:55:31,20,MIL is OFF0 codes,,
313,27.9431917222,31.1974292222,46,control2,101,93,52.2,33.7,4,805,32,4.01,33,0,2.3,01:55:35,20,MIL is OFF0 codes,,
314,27.9366044329,31.1972512037,46,control2,101,93,52.2,35.3,4,814,33,4.15,33,0,2.3,01:55:39,20.4,MIL is OFF0 codes,56.1,1
315,27.9300171435,31.1970731852,46,control2,101,93,52.2,36.1,,801,31,3.96,33,0,1.6,01:55:43,20,MIL is OFF0 codes,,
316,27.9234298542,31.1968951667,46,control2,101,94,52.2,36.1,4,792,88,4.24,32,11,1.6,01:55:47,20,MIL is OFF0 codes,56.5,1
317,27.9168425648,31.1967171481,46,control2,101,94,52.9,100,4,2882,55,16.25,31,27,1.6,01:55:51,28.6,MIL is OFF0 codes,65.5,1
318,27.9102552755,31.1965391296,41,control2,101,94,53.7,19.2,4,1805,57,4.77,31,36,-0.8,01:55:55,25.9,MIL is OFF0 codes,62,1
319,27.9036679861,31.1963611111,40,control2,101,94,53.7,25.9,4,1668,51,10.41,31,43,3.1,01:55:59,29.8,MIL is OFF0 codes,62.7,1
320,27.8970806968,31.1961830926,39,control2,101,95,53.3,59.6,4,1504,51,13.77,31,52,-4.7,01:56:03,31,MIL is OFF0 codes,,
321,27.8904934074,31.1960050741,37,control2,101,95,53.3,18,4,1452,20,3.64,31,54,-2.3,01:56:07,20.4,MIL is OFF0 codes,,
322,27.8839061181,31.1958270556,31,control2,101,96,52.9,17.6,4,1494,20,4.25,31,56,16.4,01:56:11,21.6,MIL is OFF0 codes,,
323,27.8773188287,31.195649037,29,control2,101,96,52.5,18,4,1558,19,3.88,32,56,10.2,01:56:15,22,MIL is OFF0 codes,,
324,27.8707315394,31.1954710185,31,control2,101,95,52.5,18.4,4,1506,48,4,31,54,10.9,01:56:19,21.6,MIL is OFF0 codes,,
325,27.86414425,31.195293,31,control2,101,95,52.5,58.8,4,1516,31,13.29,31,56,3.9,01:56:23,30.6,MIL is OFF0 codes,,
326,27.8575569606,31.1951149815,32,control2,101,95,52.5,49.8,4,1522,58,13.3,31,57,6.2,01:56:27,30.6,MIL is OFF0 codes,,
327,27.8509696713,31.194936963,30,control2,101,94,52.9,50.2,4,1555,46,11.88,,57,0.8,01:56:31,29.8,MIL is OFF0 codes,,
328,27.8443823819,31.1947589444,29,control2,101,94,52.9,58.4,4,1556,50,13.62,31,58,0.8,01:56:35,30.6,MIL is OFF0 codes,,
329,27.8377950926,31.1945809259,27,control2,101,93,52.9,59.2,4,1601,48,13.82,31,59,-4.7,01:56:39,31,,,
330,27.8312078032,31.1944029074,29,control2,101,93,53.3,57.6,4,1623,49,14.16,31,60,0.8,01:56:43,31,MIL is OFF0 codes,,
331,27.8246205139,31.1942248889,31,control2,101,93,53.3,56.1,4,1649,27,12.92,31,58,1.6,01:56:47,26.7,MIL is OFF0 codes,,
332,27.8180332245,31.1940468704,31,control2,101,92,53.3,38.8,4,994,34,6.29,31,56,7.8,01:56:51,25.9,MIL is OFF0 codes,,
333,27.8114459352,31.1938688519,31,control2,101,92,53.3,37.6,4,1543,34,8.65,31,56,1.6,01:56:55,27.1,,,
334,27.8048586458,31.1936908333,31,control2,101,91,53.3,37.6,4,1546,36,8.94,31,56,7,01:56:59,27.5,MIL is OFF0 codes,,
335,27.7982713565,31.1935128148,30,control2,101,91,53.3,45.1,4,1522,42,10.42,31,56,6.2,01:57:03,29,MIL is OFF0 codes,,
336,27.7916840671,31.1933347963,32,control2,101,90,53.3,45.9,4,1538,40,10.74,31,58,6.2,01:57:07,29,MIL is OFF0 codes,,
337,27.7850967778,31.1931567778,31,control2,101,90,53.3,31.8,4,1610,24,7.59,31,58,6.2,01:57:11,26.3,MIL is OFF0 codes,,
338,27.7785094884,31.1929787593,31,control2,101,89,52.9,33.7,4,1596,33,8.09,31,58,0,01:57:15,26.7,MIL is OFF0 codes,,
339,27.7719221991,31.1928007407,34,control2,101,89,52.9,39.6,4,1571,36,9.18,31,56,4.7,01:57:19,27.5,MIL is OFF0 codes,,
340,27.7653349097,31.1926227222,33,control2,101,88,52.9,41.2,4,1542,40,9.42,31,55,4.7,01:57:23,27.8,MIL is OFF0 codes,,
341,27.7587476204,31.1924447037,30,control2,101,88,53.3,45.1,4,1521,40,10.34,31,55,-1.6,01:57:27,29,MIL is OFF0 codes,,
342,27.752160331,31.1922666852,31,control2,101,88,53.3,46.3,4,1517,40,10.38,31,55,3.9,01:57:31,29,MIL is OFF0 codes,,
343,27.7455730417,31.1920886667,32,control2,101,87,53.3,45.5,4,1526,40,10.5,31,56,-2.3,01:57:35,29,MIL is OFF0 codes,,
344,27.7389857523,31.1919106481,34,control2,101,87,53.3,47.1,4,1532,42,10.55,31,56,3.1,01:57:39,29,MIL is OFF0 codes,,
345,27.732398463,31.1917326296,34,control2,101,86,53.3,47.1,4,1531,41,10.8,31,56,3.1,01:57:43,29.4,MIL is OFF0 codes,,
346,27.7258111736,31.1915546111,34,control2,101,86,53.3,47.5,4,1525,56,10.97,31,57,-2.3,01:57:47,29.4,MIL is OFF0 codes,,
347,27.7192238843,31.1913765926,37,control2,101,86,53.3,76.9,4,1583,36,18.36,31,59,-6.2,01:57:51,32.9,MIL is OFF0 codes,,
348,27.7126365949,31.1911985741,35,control2,101,85,53.3,45.9,4,1625,36,11.91,31,59,2.3,01:57:55,29.8,MIL is OFF0 codes,,
349,27.7060493056,31.1910205556,35,control2,101,85,53.3,14.1,4,1608,19,4.1,31,53,0,01:57:59,22,MIL is OFF0 codes,,
350,27.6994620162,31.190842537,36,control2,101,85,52.9,18.4,4,1350,26,3.65,31,44,15.6,01:58:03,20.4,MIL is OFF0 codes,,
351,27.6928747269,31.1906645185,37,control2,101,85,52.5,26.3,4,1057,51,2.51,31,42,7,01:58:07,18.8,MIL is OFF0 codes,,
352,27.6862874375,31.1904865,40,control2,101,84,52.5,62.4,4,1417,68,13.14,31,43,-1.6,01:58:11,30.6,MIL is OFF0 codes,,
353,27.6797001481,31.1903084815,41,control2,101,84,52.9,85.5,4,1482,26,18.58,31,44,-7.8,01:58:16,33.3,MIL is OFF0 codes,,
354,27.6731128588,31.190130463,41,control2,101,84,53.3,59.6,4,1470,36,10.49,31,43,1.6,01:58:19,29,MIL is OFF0 codes,,
355,27.6665255694,31.1899524444,40,control2,101,84,53.7,64.7,4,1434,50,13.46,31,45,3.9,01:58:23,31,MIL is OFF0 codes,,
356,27.6599382801,31.1897744259,41,control2,101,84,53.7,58.4,4,1567,20,8.81,31,47,-4.7,01:58:28,27.8,MIL is OFF0 codes,,
357,27.6533509907,31.1895964074,43,control2,101,84,53.7,17.6,4,1489,35,3.91,32,37,11.7,01:58:31,21.2,MIL is OFF0 codes,,
358,27.6467637014,31.1894183889,44,control2,101,84,52.9,20.4,4,1793,20,5.55,31,30,0,01:58:36,23.1,MIL is OFF0 codes,,
359,27.640176412,31.1892403704,44,control2,101,84,52.2,20.4,4,1272,49,3.48,32,24,11.7,01:58:40,20,MIL is OFF0 codes,,
360,27.6335891227,31.1890623519,45,control2,101,83,52.2,77.6,4,1426,58,17.17,31,40,3.9,01:58:44,32.5,MIL is OFF0 codes,,
361,27.6270018333,31.1888843333,45,control2,101,83,52.9,64.7,4,1493,37,13.99,31,49,-3.9,01:58:48,31.4,MIL is OFF0 codes,,
362,27.620414544,31.1887063148,46,control2,101,83,52.9,25.5,4,1654,20,5.63,31,46,0,01:58:52,21.6,MIL is OFF0 codes,,
363,27.6138272546,31.1885282963,40,control2,101,83,52.5,17.6,4,1479,20,4.1,32,38,0,01:58:56,21.2,MIL is OFF0 codes,,
364,27.6072399653,31.1883502778,38,control2,101,83,52.5,20.4,4,1137,34,3.33,32,30,10.9,01:59:00,18,MIL is OFF0 codes,,
365,27.6006526759,31.1881722593,37,control2,101,83,52.2,59.6,4,1509,61,13.61,31,34,5.5,01:59:04,31,MIL is OFF0 codes,,
366,27.5940653866,31.1879942407,34,control2,101,83,52.9,78.4,4,1801,35,20.96,31,39,-6.2,01:59:08,34.1,MIL is OFF0 codes,,
367,27.5874780972,31.1878162222,35,control2,101,82,53.3,25.9,4,1861,18,7.05,31,32,0,01:59:12,25.5,MIL is OFF0 codes,,
368,27.5808908079,31.1876382037,34,control2,101,82,53.3,16.1,4,1513,19,4.11,31,25,0,01:59:16,21.2,MIL is OFF0 codes,,
369,27.5743035185,31.1874601852,37,control2,101,82,52.9,34.5,4,1198,59,11.34,31,29,7,01:59:20,29.8,MIL is OFF0 codes,,
370,27.5677162292,31.1872821667,38,control2,101,82,53.3,54.5,4,1500,20,11.62,31,27,-6.2,01:59:24,29.8,MIL is OFF0 codes,,
371,27.5611289398,31.1871041481,39,control2,101,82,51.8,25.1,4,972,33,3.13,32,14,1.6,01:59:28,20,MIL is OFF0 codes,,
372,27.5545416505,31.1869261296,36,control2,101,82,50.6,57.6,4,1241,54,11.34,31,26,5.5,01:59:32,31,MIL is OFF0 codes,,
373,27.5479543611,31.1867481111,35,control2,101,82,51.4,19.6,4,1630,58,4.35,31,34,-1.6,01:59:36,27.5,MIL is OFF0 codes,,
374,27.5413670718,31.1865700926,36,control2,,82,52.2,22.7,4,1734,21,4.69,31,27,0,01:59:40,22.7,MIL is OFF0 codes,,
375,27.5347797824,31.1863920741,37,control2,101,82,50.2,71.4,4,1419,41,15.19,31,36,-0.8,01:59:44,31.8,MIL is OFF0 codes,,
376,27.5281924931,31.1862140556,37,control2,101,83,51,20.8,4,1764,20,7.46,31,36,3.1,01:59:48,28.2,MIL is OFF0 codes,,
377,27.5216052037,31.186036037,36,control2,101,83,51,17.3,4,1746,51,4.8,31,31,0,01:59:52,22.7,MIL is OFF0 codes,,
378,27.5150179144,31.1858580185,41,control2,101,83,51.4,100,4,1721,81,29.33,31,45,5.5,01:59:56,38.8,MIL is OFF0 codes,,
379,27.508430625,31.18568,41,control2,101,83,52.5,20,4,1867,67,25.67,30,54,4.7,02:00:00,36.9,MIL is OFF0 codes,,
380,27.5018433356,31.1855019815,40,control2,101,83,52.9,19.6,4,1678,43,4.53,31,,-10.2,02:00:04,21.6,MIL is OFF0 codes,,
381,27.4952560463,31.185323963,37,control2,101,83,52.9,49.8,4,1559,49,11.38,31,56,-2.3,02:00:08,30.2,MIL is OFF0 codes,,
382,27.4886687569,31.1851459444,37,control2,101,83,52.5,57.6,4,1524,51,13.15,31,54,-2.3,02:00:12,30.6,MIL is OFF0 codes,,
383,27.4820814676,31.1849679259,37,control2,101,83,52.5,58.8,4,1468,52,12.65,31,51,-2.3,02:00:16,30.2,MIL is OFF0 codes,,
384,27.4754941782,31.1847899074,43,control2,101,83,52.9,61.2,4,1428,58,13.16,31,52,-2.3,02:00:20,30.6,MIL is OFF0 codes,,
385,27.4689068889,31.1846118889,44,control2,101,83,52.9,73.3,4,1434,61,15.87,31,56,-1.6,02:00:24,31.8,MIL is OFF0 codes,,
386,27.4623195995,31.1844338704,40,control2,101,83,52.9,42.7,4,1572,18,9.06,31,57,2.3,02:00:28,27.5,MIL is OFF0 codes,,
387,27.4557323102,31.1842558519,38,control2,101,83,52.9,17.6,4,1519,21,4.04,31,49,0,02:00:32,21.6,MIL is OFF0 codes,,
388,27.4491450208,31.1840778333,39,control2,101,83,52.2,44.3,4,1267,67,8.03,31,48,5.5,02:00:36,28.2,MIL is OFF0 codes,,
389,27.4425577315,31.1838998148,41,control2,101,82,52.5,100,4,1648,81,24.45,30,53,4.7,02:00:40,35.7,MIL is OFF0 codes,,
390,27.4359704421,31.1837217963,41,control2,101,82,53.3,100,,1781,81,27.1,30,55,-3.1,02:00:44,36.9,MIL is OFF0 codes,,
391,27.4293831528,31.1835437778,45,control2,101,82,54.1,94.1,4,1831,29,26.08,30,53,-6.2,02:00:48,35.7,MIL is OFF0 codes,,
392,27.4227958634,31.1833657593,46,control2,101,82,54.1,18.4,4,1345,20,3.43,31,46,0.8,02:00:52,20.8,MIL is OFF0 codes,,
393,27.4162085741,31.1831877407,47,control2,101,83,53.3,19.6,4,1285,31,8.08,31,53,7,02:00:56,27.1,MIL is OFF0 codes,,
394,27.4096212847,31.1830097222,43,control2,101,83,52.9,16.9,4,1496,20,4.13,31,58,5.5,02:01:00,21.6,MIL is OFF0 codes,,
395,27.4030339954,31.1828317037,40,control2,101,83,52.2,18.8,4,1615,20,4.66,31,53,0,02:01:04,22.4,MIL is OFF0 codes,,
396,27.396446706,31.1826536852,37,control2,101,82,50.6,19.6,4,1368,20,3.95,31,44,3.1,02:01:08,20.8,MIL is OFF0 codes,,
397,27.3898594167,31.1824756667,36,control2,101,82,50.2,42.4,4,1202,87,8.19,31,49,9.4,02:01:12,29,MIL is OFF0 codes,67.1,1
398,27.3832721273,31.1822976481,35,control2,101,82,50.6,100,4,1384,83,21.97,30,54,0,02:01:16,36.1,MIL is OFF0 codes,55.3,1
399,27.376684838,31.1821196296,36,control2,101,82,51.8,72.5,4,1475,58,16.57,30,55,-6.2,02:01:20,32.2,MIL is OFF0 codes,64.7,1
400,27.3700975486,31.1819416111,36,control2,101,82,52.2,50.2,4,1530,20,13.52,30,56,1.6,02:01:24,30.6,MIL is OFF0 codes,,
401,27.3635102593,31.1817635926,37,control2,101,82,52.5,15.3,4,1476,21,3.86,31,43,8.6,02:01:28,21.2,MIL is OFF0 codes,,
402,27.3569229699,31.1815855741,38,control2,101,82,51,21.6,4,1174,75,3.6,31,42,7.8,02:01:32,19.6,MIL is OFF0 codes,,
403,27.3503356806,31.1814075556,37,control2,101,82,50.6,35.3,4,2066,73,27.61,30,52,8.6,02:01:36,35.3,MIL is OFF0 codes,,
404,27.3437483912,31.181229537,37,control2,101,82,51.4,90.2,4,1791,44,24.69,30,56,-3.9,02:01:40,35.3,MIL is OFF0 codes,,
405,27.3371611019,31.1810515185,32,control2,101,82,51.8,61.6,4,1568,51,14.3,30,57,-5.5,02:01:44,31,MIL is OFF0 codes,,
406,27.3305738125,31.1808735,35,control2,101,82,51.8,61.6,4,1571,51,14.52,30,57,0,02:01:48,31,MIL is OFF0 codes,,
407,27.3239865231,31.1806954815,36,control2,101,82,52.2,65.5,4,1557,57,14.95,30,55,0,02:01:52,31.4,,,
408,27.3173992338,31.180517463,37,control2,101,82,52.2,68.2,4,1499,61,15.37,30,52,0.8,02:01:56,31.8,MIL is OFF0 codes,,
409,27.3108119444,31.1803394444,41,control2,101,82,52.5,78.8,4,1425,43,16.35,,50,-3.9,02:02:00,32.2,,,
410,27.3042246551,31.1801614259,42,control2,101,83,52.5,75.7,4,1691,52,19.95,30,54,-3.9,02:02:04,33.3,,,
411,27.2976373657,31.1799834074,40,control2,101,83,52.9,47.5,4,1811,41,12.98,30,57,9.4,02:02:08,30.2,,,
412,27.2910500764,31.1798053889,39,control2,101,83,52.9,43.9,4,1896,38,12.46,30,57,8.6,02:02:12,30.2,,,
413,27.284462787,31.1796273704,39,control2,101,83,52.9,42,4,1912,33,12.15,,57,3.1,02:02:16,30.2,,,
414,27.2778754977,31.1794493519,38,control2,101,82,53.3,23.9,4,1851,19,4.86,30,50,0,02:02:20,23.1,,,
415,27.2712882083,31.1792713333,38,control2,101,82,52.9,23.5,4,1012,20,2.52,,37,12.5,02:02:24,18.4,MIL is OFF0 codes,,
416,27.264700919,31.1790933148,37,control2,101,82,52.2,77.3,4,1818,20,22.05,30,34,12.5,02:02:28,34.5,MIL is OFF0 codes,,
417,27.2581136296,31.1789152963,38,control2,101,82,51.4,18,4,1311,68,3.72,31,21,10.9,02:02:32,18.8,MIL is OFF0 codes,,
418,27.2515263403,31.1787372778,41,control2,101,82,51,100,4,2284,66,38.99,30,34,0,02:02:37,40,MIL is OFF0 codes,,
419,27.2449390509,31.1785592593,45,control2,101,82,52.2,78.8,4,1731,65,21.11,30,40,2.3,02:02:41,33.7,MIL is OFF0 codes,,
420,27.2383517616,31.1783812407,47,control2,101,83,53.3,22,4,1744,19,4.86,30,37,-1.6,02:02:45,22,MIL is OFF0 codes,,
421,27.2317644722,31.1782032222,46,control2,101,83,52.9,70.6,4,1186,67,13.33,30,40,7,02:02:49,31,MIL is OFF0 codes,,
422,27.2251771829,31.1780252037,45,control2,101,83,53.3,76.9,4,1424,49,16.04,30,49,-3.9,02:02:53,32.2,MIL is OFF0 codes,,
423,27.2185898935,31.1778471852,43,control2,101,84,53.7,48.2,4,1678,19,6.52,30,49,0,02:02:57,23.9,MIL is OFF0 codes,,
424,27.2120026042,31.1776691667,40,control2,101,84,52.2,19.6,4,1353,21,3.48,31,21,9.4,02:03:01,19.6,MIL is OFF0 codes,,
425,27.2054153148,31.1774911481,40,control2,101,83,47.8,20.8,4,1236,58,3.68,31,15,10.2,02:03:05,20.4,MIL is OFF0 codes,,
426,27.1988280255,31.1773131296,41,control2,101,83,46.7,100,4,1499,25,24.72,30,22,0.8,02:03:09,37.3,MIL is OFF0 codes,,
427,27.1922407361,31.1771351111,41,control2,101,83,48.6,16.9,4,1508,32,3.78,31,12,4.7,02:03:13,20.4,MIL is OFF0 codes,,
428,27.1856534468,31.1769570926,41,control2,101,83,49,40.4,4,776,33,4.51,31,20,-3.9,02:03:17,20.8,MIL is OFF0 codes,,
429,27.1790661574,31.1767790741,39,control2,101,84,47.8,34.5,4,816,33,4.15,32,17,-10.2,02:03:21,20.4,MIL is OFF0 codes,,
430,27.1724788681,31.1766010556,41,control2,101,84,47.8,40,4,782,42,4.41,32,11,-2.3,02:03:25,21.2,MIL is OFF0 codes,,
431,27.1658915787,31.176423037,41,control2,101,84,48.2,42.4,4,810,35,4.8,32,,-7,02:03:29,21.6,MIL is OFF0 codes,,
432,27.1593042894,31.1762450185,41,control2,101,84,47.1,35.3,4,814,32,4.16,32,0,0,02:03:33,20.4,MIL is OFF0 codes,,
433,27.152717,31.176067,41,control2,101,85,47.8,36.5,4,778,33,3.89,32,0,-3.1,02:03:37,20.4,MIL is OFF0 codes,,
