1,29.998426,31.252971,46,control3,100,85,54.5,100,3,1036,72,15.95,33,17,0.8,00:00:23,34.1,MIL is OFF0 codes
2,30.0020062637,31.241925739,47,control3,100,85,57.3,100,3,2088,86,36.43,32,38,-7,00:00:28,40.8,
3,30.0055865275,31.230880478,48,control3,100,84,58.8,20.8,3,2756,86,7.64,32,44,-1.6,00:00:32,28.2,
4,30.0091667912,31.219835217,49,control3,99,84,58.8,100,3,2370,36,42.84,32,59,0,00:00:36,83.5,
5,30.0127470549,31.208789956,48,control3,99,84,58.8,91.4,3,1975,65,28.09,32,65,-5.5,00:00:40,36.5,MIL is OFF0 codes
6,30.0163273187,31.1977446951,48,control3,99,84,58,78.4,3,2273,32,26.2,32,70,-1.6,00:00:44,35.3,MIL is OFF0 codes
7,30.0199075824,31.1866994341,47,control3,99,84,56.9,82.4,3,1951,66,23.82,32,74,-2.3,00:00:48,34.9,MIL is OFF0 codes
8,30.0234878462,31.1756541731,45,control3,99,84,56.1,83.9,3,2052,64,26.31,32,77,1.6,00:00:52,35.7,MIL is OFF0 codes
9,30.0270681099,31.1646089121,44,control3,99,84,55.3,76.5,3,2126,34,24.14,33,78,-3.9,00:00:56,34.5,MIL is OFF0 codes
10,30.0306483736,31.1535636511,43,control3,99,83,54.5,49.8,3,2080,46,15.71,33,76,3.9,00:01:00,31.8,MIL is OFF0 codes
11,30.0342286374,31.1425183901,43,control3,99,83,53.7,62.4,3,2057,52,20.16,33,77,3.9,00:01:04,33.3,MIL is OFF0 codes
12,30.0378089011,31.1314731291,40,control3,99,83,53.3,64.3,3,2140,22,19.89,33,80,3.1,00:01:08,33.3,MIL is OFF0 codes
13,30.0413891648,31.1204278681,38,control3,99,82,52.9,37.6,3,2201,23,12.11,33,79,7,00:01:12,29.8,MIL is OFF0 codes
14,30.0449694286,31.1093826071,37,control3,99,82,52.2,37.6,3,2160,22,7.73,33,70,0,00:01:16,25.9,MIL is OFF0 codes
15,30.0485496923,31.0983373462,36,control3,99,81,51.4,19.2,3,1844,18,5.17,33,60,0,00:01:20,23.1,MIL is OFF0 codes
16,30.052129956,31.0872920852,35,control3,99,80,50.2,38.8,3,815,20,3.69,34,34,0,00:01:24,19.6,MIL is OFF0 codes
17,30.0557102198,31.0762468242,34,control3,100,80,46.7,39.2,3,1712,101,23.46,34,44,0,00:01:28,54.9,MIL is OFF0 codes
18,30.0592904835,31.0652015632,34,control3,99,79,48.6,100,3,2391,100,44.65,33,61,0,00:01:32,83.5,MIL is OFF0 codes
19,30.0628707473,31.0541563022,36,control3,100,79,50.6,100,3,2115,68,36.94,33,70,3.9,00:01:37,67.1,MIL is OFF0 codes
20,30.066451011,31.0431110412,36,control3,100,79,51.4,60.8,3,2324,19,19.23,33,64,0,00:01:41,31.8,MIL is OFF0 codes
21,30.0700312747,31.0320657802,35,control3,100,80,49.8,18,3,1785,31,4.32,33,39,10.2,00:01:44,21.6,MIL is OFF0 codes
22,30.0736115385,31.0210205192,33,control3,100,80,47.8,54.1,3,1010,21,10.05,33,43,3.9,00:01:48,32.2,MIL is OFF0 codes
23,30.0771918022,31.0099752582,32,control3,100,80,47.8,100,3,2238,96,40.78,33,53,2.3,00:01:53,83.5,MIL is OFF0 codes
24,30.0807720659,30.9989299973,34,control3,99,81,50.2,100,3,2735,94,55.56,32,61,6.2,00:01:56,83.5,MIL is OFF0 codes
25,30.0843523297,30.9878847363,37,control3,99,81,52.2,100,3,1988,19,34.16,33,49,-2.3,00:02:01,40.4,MIL is OFF0 codes
26,30.0879325934,30.9768394753,43,control3,100,81,51.4,16.9,3,1512,100,4.04,33,48,7,00:02:05,23.1,MIL is OFF0 codes
27,30.0915128571,30.9657942143,45,control3,100,82,51.8,100,3,1722,70,30.6,33,61,5.5,00:02:09,42.7,MIL is OFF0 codes
28,30.0950931209,30.9547489533,46,control3,100,82,52.5,83.1,3,2183,47,27.21,32,,-0.8,00:02:13,35.7,MIL is OFF0 codes
29,30.0986733846,30.9437036923,41,control3,100,82,52.9,24.7,3,2432,19,6.48,33,70,0,00:02:17,25.5,MIL is OFF0 codes
30,30.1022536484,30.9326584313,37,control3,100,81,52.2,16.5,3,1655,19,3.83,33,39,0,00:02:21,22,MIL is OFF0 codes
31,30.1058339121,30.9216131703,40,control3,100,81,47.8,16.5,3,1544,78,4.15,33,29,3.9,00:02:25,20.8,MIL is OFF0 codes
32,30.1094141758,30.9105679093,39,control3,100,81,46.7,100,3,1568,92,24.73,33,44,0.8,00:02:29,,MIL is OFF0 codes
33,30.1129944396,30.8995226484,40,control3,100,81,49,100,3,2363,37,42.81,32,55,1.6,00:02:33,43.5,MIL is OFF0 codes
34,30.1165747033,30.8884773874,38,control3,100,82,50.6,100,3,1946,72,30.22,32,64,-3.1,00:02:37,37.6,MIL is OFF0 codes
35,30.120154967,30.8774321264,40,control3,100,82,51.4,76.5,3,2198,23,25.36,32,68,-1.6,00:02:41,34.9,MIL is OFF0 codes
36,30.1237352308,30.8663868654,38,control3,,82,51.4,43.9,3,1872,38,,33,70,-1.6,00:02:45,30.2,MIL is OFF0 codes
37,30.1273154945,30.8553416044,38,control3,100,82,51.4,18,3,1881,18,5.23,33,65,0,00:02:49,23.1,MIL is OFF0 codes
38,30.1308957582,30.8442963434,41,control3,100,82,51.4,18,3,1716,19,4.5,33,56,0,00:02:53,22,MIL is OFF0 codes
39,30.134476022,30.8332510824,41,control3,100,82,50.6,18.8,3,1435,32,3.8,33,26,5.5,00:02:57,20.8,MIL is OFF0 codes
40,30.1380562857,30.8222058214,42,control3,100,82,47.5,28.6,3,1113,29,3.31,34,6,7.8,00:03:01,22.7,MIL is OFF0 codes
41,30.1416365495,30.8111605604,42,control3,100,81,45.9,41.6,3,771,33,4.31,34,0,6.2,00:03:05,20.4,MIL is OFF0 codes
42,30.1452168132,30.8001152995,42,control3,100,81,46.3,40.4,3,788,32,4.59,34,0,-3.1,00:03:09,20.8,MIL is OFF0 codes
43,30.1487970769,30.7890700385,42,control3,100,82,46.7,42,3,791,66,4.58,34,10,1.6,00:03:13,21.2,MIL is OFF0 codes
44,30.1523773407,30.7780247775,46,control3,100,82,47.8,22,3,1928,34,4.04,33,19,7,00:03:17,20.8,MIL is OFF0 codes
45,30.1559576044,30.7669795165,42,control3,100,82,47.8,58.8,3,1611,75,14.17,33,31,-0.8,00:03:21,31.4,MIL is OFF0 codes
46,30.1595378681,30.7559342555,43,control3,100,82,50.2,92.9,3,3043,63,45.37,32,44,0,00:03:25,39.6,MIL is OFF0 codes
47,30.1631181319,30.7448889945,42,control3,100,82,51,18.4,3,2139,19,6.05,33,33,0,00:03:29,23.9,MIL is OFF0 codes
48,30.1666983956,30.7338437335,38,control3,100,82,50.6,18,3,1504,82,4.71,33,31,11.7,00:03:33,23.9,MIL is OFF0 codes
49,30.1702786593,30.7227984725,39,control3,100,83,51.8,100,3,2965,96,51.09,32,43,0,00:03:37,42.7,MIL is OFF0 codes
50,30.1738589231,30.7117532115,36,control3,100,83,52.9,100,3,2278,91,41.34,32,56,-3.1,00:03:41,43.5,MIL is OFF0 codes
51,30.1774391868,30.7007079505,37,control3,100,83,54.5,100,3,2813,28,51.56,32,59,-4.7,00:03:45,45.1,MIL is OFF0 codes
52,30.1810194505,30.6896626896,39,control3,100,83,54.9,59.2,3,1931,53,15.58,32,60,-4.7,00:03:49,31.4,MIL is OFF0 codes
53,30.1845997143,30.6786174286,38,control3,100,84,54.5,51.4,3,2002,47,15,32,62,-3.1,00:03:53,31.4,MIL is OFF0 codes
54,30.188179978,30.6675721676,37,control3,100,84,54.1,51,3,2107,31,15.74,32,65,-3.1,00:03:57,31.8,MIL is OFF0 codes
55,30.1917602418,30.6565269066,35,control3,100,84,53.7,32.2,3,2183,25,10.61,32,65,0,00:04:01,29.4,MIL is OFF0 codes
56,30.1953405055,30.6454816456,34,control3,100,83,53.3,27.5,3,2137,20,8.48,32,61,8.6,00:04:05,27.1,MIL is OFF0 codes
57,30.1989207692,30.6344363846,37,control3,100,83,52.2,15.7,3,1935,19,6.01,32,36,0,00:04:09,25.9,MIL is OFF0 codes
58,30.202501033,30.6233911236,40,control3,100,83,49.4,18,3,1594,91,4.01,32,30,0,00:04:13,21.6,MIL is OFF0 codes
59,30.2060812967,30.6123458626,36,control3,100,83,48.6,100,3,1725,99,30.82,32,49,0,00:04:17,64.7,MIL is OFF0 codes
60,30.2096615604,30.6013006016,40,control3,99,83,51.4,100,3,2650,85,54.23,31,66,0,00:04:21,83.5,MIL is OFF0 codes
61,30.2132418242,30.5902553407,40,control3,99,83,52.9,19.6,3,3154,51,9.29,32,61,0,00:04:25,27.8,MIL is OFF0 codes
62,30.2168220879,30.5792100797,43,control3,99,83,52.2,61.2,3,2058,41,17.98,32,61,-8.6,00:04:29,32.2,MIL is OFF0 codes
63,30.2204023516,30.5681648187,42,control3,99,83,52.2,27.8,3,2028,29,5.41,32,60,0,00:04:33,23.1,MIL is OFF0 codes
64,30.2239826154,30.5571195577,43,control3,99,83,51.8,18,3,1967,20,5.39,32,55,0,00:04:37,23.1,MIL is OFF0 codes
65,30.2275628791,30.5460742967,41,control3,99,83,51,17.6,3,1820,85,5.25,32,62,10.9,00:04:41,26.3,MIL is OFF0 codes
66,30.2311431429,30.5350290357,40,control3,99,83,51.4,20,3,2058,20,5.94,32,54,0,00:04:45,23.9,MIL is OFF0 codes
67,30.2347234066,30.5239837747,42,control3,99,82,50.6,19.2,3,1724,22,4.54,32,41,0,00:04:49,22,MIL is OFF0 codes
68,30.2383036703,30.5129385137,42,control3,99,82,49.4,33.7,3,847,20,3.77,33,40,3.9,00:04:53,20,MIL is OFF0 codes
69,30.2418839341,30.5018932527,41,control3,99,82,48.6,20.4,3,1807,38,5.12,32,31,0,00:04:57,23.1,MIL is OFF0 codes
70,30.2454641978,30.4908479918,42,control3,99,82,48.2,94.9,3,1673,63,25.55,32,47,7.8,00:05:01,36.5,MIL is OFF0 codes
71,30.2490444615,30.4798027308,40,control3,99,82,49.8,56.9,3,2422,33,20.22,31,53,-0.8,00:05:05,32.9,MIL is OFF0 codes
72,30.2526247253,30.4687574698,41,control3,99,82,50.2,18,3,2534,19,7.01,32,48,1.6,00:05:09,25.9,MIL is OFF0 codes
73,30.256204989,30.4577122088,39,control3,99,82,50.2,18.8,3,2277,19,6.34,32,41,0,00:05:13,24.7,MIL is OFF0 codes
74,30.2597852527,30.4466669478,39,control3,99,82,49,18.4,3,1741,98,4.59,32,43,8.6,00:05:17,22,MIL is OFF0 codes
75,30.2633655165,30.4356216868,40,control3,100,82,50.2,100,3,2366,60,24,32,49,0,00:05:21,30.2,MIL is OFF0 codes
76,30.2669457802,30.4245764258,39,control3,100,82,50.6,65.9,3,2551,21,22.14,31,52,-0.8,00:05:25,32.9,MIL is OFF0 codes
77,30.270526044,30.4135311648,39,control3,100,83,51,27.8,3,1736,26,7.53,32,50,-0.8,00:05:29,27.5,MIL is OFF0 codes
78,30.2741063077,30.4024859038,39,control3,100,83,51,18,3,1651,47,4.42,32,48,0,00:05:33,22,
79,30.2776865714,30.3914406429,39,control3,100,83,51,26.7,3,1605,19,4.18,32,45,0,00:05:37,21.2,
80,30.2812668352,30.3803953819,37,control3,100,83,51,28.6,3,1476,27,5.05,32,43,10.2,00:05:41,21.2,MIL is OFF0 codes
81,30.2848470989,30.3693501209,36,control3,100,83,51,16.9,3,926,28,4.04,32,39,1.6,00:05:45,21.6,MIL is OFF0 codes
82,30.2884273626,30.3583048599,36,control3,100,82,51,32.2,3,1935,76,9.36,31,47,7,00:05:49,28.2,MIL is OFF0 codes
83,30.2920076264,30.3472595989,36,control3,100,82,51.8,97.6,3,2469,19,35.97,31,53,-6.2,00:05:54,38,MIL is OFF0 codes
84,30.2955878901,30.3362143379,36,control3,100,82,51,20.4,3,2232,27,6.56,32,15,3.9,00:05:57,24.7,MIL is OFF0 codes
85,30.2991681538,30.3251690769,33,control3,100,82,47.1,41.2,3,781,34,4.82,32,0,3.1,00:06:02,21.2,MIL is OFF0 codes
86,30.3027484176,30.3141238159,33,control3,100,83,47.1,38.4,3,812,33,4.29,33,0,-3.1,00:06:06,20.4,MIL is OFF0 codes
87,30.3063286813,30.3030785549,33,control3,100,83,47.1,40.8,3,803,33,4.37,33,0,0,00:06:09,20.4,MIL is OFF0 codes
88,30.3099089451,30.292033294,33,control3,100,84,47.5,37.6,3,786,32,4.15,33,0,0,00:06:14,20.4,MIL is OFF0 codes
89,30.3134892088,30.280988033,33,control3,100,84,47.8,35.7,3,796,33,4.16,33,0,2.3,00:06:18,20.4,MIL is OFF0 codes
90,30.3170694725,30.269942772,33,control3,100,84,48.2,56.9,3,1290,82,10.59,32,9,3.9,00:06:22,29.4,MIL is OFF0 codes
91,30.3206497363,30.258897511,32,control3,100,83,49.8,100,3,2863,95,55.7,31,35,3.1,00:06:26,43.9,MIL is OFF0 codes
92,30.32423,30.24785225,33,control3,100,83,51.4,100,3,3553,97,12.19,31,54,9.4,00:06:30,26.7,MIL is OFF0 codes
93,30.3278102637,30.236806989,33,control3,100,83,52.5,100,3,2893,19,56.44,31,68,2.3,00:06:34,49.4,MIL is OFF0 codes
94,30.3313905275,30.225761728,35,control3,100,84,53.3,100,3,2325,84,40.71,31,75,1.6,00:06:38,42,MIL is OFF0 codes
95,30.3349707912,30.214716467,35,control3,100,84,53.7,100,3,2532,35,38.49,31,77,-2.3,00:06:42,39.2,MIL is OFF0 codes
96,30.3385510549,30.203671206,36,control3,100,84,53.7,41.2,3,2544,45,15.59,31,76,-5.5,00:06:46,31.4,MIL is OFF0 codes
97,30.3421313187,30.1926259451,35,control3,100,84,53.3,52.9,3,2530,46,20.05,31,76,-3.9,00:06:50,32.9,MIL is OFF0 codes
98,30.3457115824,30.1815806841,36,control3,100,84,53.3,54.1,3,2527,34,20.02,31,75,-7.8,00:06:54,32.9,MIL is OFF0 codes
99,30.3492918462,30.1705354231,35,control3,100,84,52.9,38.8,3,2492,29,14.78,31,73,-5.5,00:06:58,31,MIL is OFF0 codes
100,30.3528721099,30.1594901621,35,control3,100,84,52.5,31.4,3,2415,52,13.46,31,74,5.5,00:07:02,31.4,MIL is OFF0 codes
101,30.3564523736,30.1484449011,36,control3,100,83,52.5,42,3,2478,26,13.01,31,71,0,00:07:06,29.8,MIL is OFF0 codes
102,30.3600326374,30.1373996401,34,control3,100,83,52.2,45.5,3,2361,39,17.16,31,71,5.5,00:07:10,32.2,MIL is OFF0 codes
103,30.3636129011,30.1263543791,32,control3,100,83,52.2,50.2,3,2381,26,17.59,31,71,-7,00:07:14,32.2,MIL is OFF0 codes
104,30.3671931648,30.1153091181,30,control3,100,83,52.2,75.7,3,2344,19,26.48,31,71,5.5,00:07:18,35.3,MIL is OFF0 codes
105,30.3707734286,30.1042638571,31,control3,100,83,52.2,40.8,3,2306,84,12.54,31,70,6.2,00:07:22,30.2,MIL is OFF0 codes
106,30.3743536923,30.0932185962,36,control3,100,83,52.2,72.9,3,2310,19,25.16,31,50,-3.9,00:07:26,34.9,MIL is OFF0 codes
107,30.377933956,30.0821733352,42,control3,100,83,49.8,24.3,3,1464,100,21.43,31,46,3.1,00:07:30,38,MIL is OFF0 codes
108,30.3815142198,30.0711280742,44,control3,100,83,50.6,100,3,2354,87,44.06,31,57,-3.1,00:07:34,83.5,MIL is OFF0 codes
109,30.3850944835,30.0600828132,44,control3,100,83,52.5,82.7,3,2867,19,10.12,31,56,8.6,00:07:38,27.1,MIL is OFF0 codes
110,30.3886747473,30.0490375522,45,control3,100,83,51.8,17.6,3,1634,21,4.15,31,47,5.5,00:07:42,21.6,MIL is OFF0 codes
111,30.392255011,30.0379922912,44,control3,100,83,51.4,31.8,3,1593,66,6.57,31,46,10.2,00:07:46,22.4,MIL is OFF0 codes
112,30.3958352747,30.0269470302,47,control3,100,83,51.4,16.5,3,1520,21,3.95,31,41,14.8,00:07:50,21.6,MIL is OFF0 codes
113,30.3994155385,30.0159017692,46,control3,100,83,51.4,18.8,3,1317,41,3.62,31,41,21.1,00:07:54,20.4,MIL is OFF0 codes
114,30.4029958022,30.0048565082,45,control3,100,83,51.4,20.4,3,1380,48,3.99,31,46,7.8,00:07:58,21.2,MIL is OFF0 codes
115,30.4065760659,29.9938112473,45,control3,100,83,51.8,100,3,2493,88,45.2,30,64,6.2,00:08:02,43.1,MIL is OFF0 codes
116,30.4101563297,29.9827659863,45,control3,100,83,52.5,100,3,2209,18,38.15,30,66,4.7,00:08:06,41.2,MIL is OFF0 codes
117,30.4137365934,29.9717207253,44,control3,100,83,52.2,18.8,3,2148,20,6.18,31,59,0,00:08:10,24.3,MIL is OFF0 codes
118,30.4173168571,29.9606754643,45,control3,100,83,51.4,18.8,3,1866,64,5.14,31,51,0,00:08:14,22.7,MIL is OFF0 codes
119,30.4208971209,29.9496302033,45,control3,100,83,51,34.1,3,1704,20,9.14,31,40,0,00:08:18,27.5,MIL is OFF0 codes
120,30.4244773846,29.9385849423,47,control3,100,83,50.6,45.1,3,794,32,5.17,31,34,7,00:08:22,25.5,MIL is OFF0 codes
121,30.4280576484,29.9275396813,49,control3,100,83,50.2,18.4,3,1600,31,3.97,31,26,7,00:08:26,21.2,MIL is OFF0 codes
122,30.4316379121,29.9164944203,49,control3,100,82,49.4,40.4,3,791,33,4.29,32,22,-1.6,00:08:30,20.4,MIL is OFF0 codes
123,30.4352181758,29.9054491593,48,control3,100,82,49.4,31,3,779,46,4.11,32,22,1.6,00:08:34,20.4,MIL is OFF0 codes
124,30.4387984396,29.8944038984,45,control3,99,83,49.4,94.9,3,2241,22,34.99,30,45,6.2,00:08:38,39.6,MIL is OFF0 codes
125,30.4423787033,29.8833586374,41,control3,99,82,51.4,100,3,2487,33,43.57,30,59,2.3,00:08:42,42,MIL is OFF0 codes
126,30.445958967,29.8723133764,42,control3,99,83,52.2,58.4,3,2932,27,29.96,30,67,-6.2,00:08:46,35.7,MIL is OFF0 codes
127,30.4495392308,29.8612681154,40,control3,99,83,52.2,98.4,3,2326,48,35.09,30,75,2.3,00:08:50,38,MIL is OFF0 codes
128,30.4531194945,29.8502228544,40,control3,99,83,51.8,56.1,3,2064,40,13.18,30,75,0.8,00:08:54,30.6,MIL is OFF0 codes
129,30.4566997582,29.8391775934,38,control3,99,83,51.4,18.8,3,2048,19,5.4,31,71,0,00:08:58,23.5,MIL is OFF0 codes
130,30.460280022,29.8281323324,39,control3,99,83,51,17.6,3,1879,52,4.96,31,63,0,00:09:02,22.7,MIL is OFF0 codes
131,30.4638602857,29.8170870714,35,control3,100,83,49.8,100,3,1804,98,29.99,30,70,5.5,00:09:06,38,MIL is OFF0 codes
132,30.4674405495,29.8060418104,33,control3,100,82,50.6,100,4,2401,74,43.82,30,76,-4.7,00:09:10,83.1,MIL is OFF0 codes
133,30.4710208132,29.7949965495,33,control3,100,83,51.8,54.9,4,2540,19,8.97,30,70,0,00:09:14,26.7,MIL is OFF0 codes
134,30.4746010769,29.7839512885,34,control3,100,83,51,18.4,4,2197,27,6.07,31,60,0,00:09:18,24.3,MIL is OFF0 codes
135,30.4781813407,29.7729060275,34,control3,100,83,51,67.8,4,2012,66,19.7,30,62,0.8,00:09:22,33.3,MIL is OFF0 codes
136,30.4817616044,29.7618607665,33,control3,100,83,51,55.7,4,2065,47,17.32,30,62,-7,00:09:26,32.2,MIL is OFF0 codes
137,30.4853418681,29.7508155055,33,control3,100,82,51.4,52.2,4,2077,33,12.89,30,60,-3.1,00:09:30,30.2,MIL is OFF0 codes
138,30.4889221319,29.7397702445,36,control3,100,82,51.8,42.4,4,1995,56,12.46,30,60,2.3,00:09:34,29.4,MIL is OFF0 codes
139,30.4925023956,29.7287249835,35,control3,100,83,51.8,,4,1988,19,8.86,30,55,0,00:09:38,27.1,MIL is OFF0 codes
140,30.4960826593,29.7176797225,34,control3,100,83,51.8,54.1,4,1817,90,14.1,30,60,6.2,00:09:42,31,MIL is OFF0 codes
141,30.4996629231,29.7066344615,36,control3,100,83,52.2,100,4,3101,23,54.17,30,69,2.3,00:09:46,43.5,MIL is OFF0 codes
142,30.5032431868,29.6955892005,39,control3,100,83,52.5,35.7,4,2255,90,20.16,30,70,5.5,00:09:50,34.5,MIL is OFF0 codes
143,30.5068234505,29.6845439396,38,control3,100,83,52.9,100,4,2346,60,35.91,30,71,-9.4,00:09:54,38.4,MIL is OFF0 codes
144,30.5104037143,29.6734986786,41,control3,100,83,52.9,20,4,2341,90,9.32,30,76,7.8,00:09:58,30.2,MIL is OFF0 codes
145,30.513983978,29.6624534176,43,control3,100,83,52.9,100,4,2584,48,46.19,30,78,-3.1,00:10:02,43.1,MIL is OFF0 codes
146,30.5175642418,29.6514081566,45,control3,100,83,52.9,59.6,4,2135,51,19.03,30,78,-2.3,00:10:06,32.9,MIL is OFF0 codes
147,30.5211445055,29.6403628956,46,control3,100,83,52.5,54.9,4,2131,34,17.48,30,77,-0.8,00:10:11,32.2,MIL is OFF0 codes
148,30.5247247692,29.6293176346,48,control3,100,83,52.2,18.4,4,2073,19,5.66,30,71,0,00:10:15,23.9,MIL is OFF0 codes
149,30.528305033,29.6182723736,48,control3,100,83,51.4,18,4,1923,46,5.19,30,71,9.4,00:10:19,24.3,MIL is OFF0 codes
150,30.5318852967,29.6072271126,44,control3,100,83,51.4,53.3,4,1972,45,15.87,30,74,-0.8,00:10:23,31.4,MIL is OFF0 codes
151,30.5354655604,29.5961818516,44,control3,100,83,51.4,53.7,4,2028,34,16.28,30,72,-7,00:10:27,31.8,MIL is OFF0 codes
152,30.5390458242,29.5851365907,41,control3,100,82,51,18.8,4,1907,19,5.21,30,61,0,00:10:31,23.1,MIL is OFF0 codes
153,30.5426260879,29.5740913297,40,control3,100,82,51,18.8,4,1034,54,3.09,30,57,12.5,00:10:35,20.8,MIL is OFF0 codes
154,30.5462063516,29.5630460687,39,control3,100,82,51,69.4,4,1972,95,24.36,,70,0.8,00:10:39,35.7,MIL is OFF0 codes
155,30.5497866154,29.5520008077,37,control3,100,82,51.8,100,4,2458,19,44.69,29,81,-3.1,00:10:43,44.3,
156,30.5533668791,29.5409555467,37,control3,100,82,52.2,40.4,4,2682,19,16.06,30,77,0,00:10:47,29,
157,30.5569471429,29.5299102857,37,control3,100,83,51.4,19.6,5,2467,20,7.26,30,56,1.6,00:10:51,25.9,
158,30.5605274066,29.5188650247,34,control3,100,83,48.2,19.6,5,2367,19,6.98,30,35,0,00:10:55,25.5,MIL is OFF0 codes
159,30.5641076703,29.5078197637,35,control3,100,82,46.7,17.6,5,1581,22,3.95,30,25,0,00:10:59,22,
160,30.5676879341,29.4967745027,36,control3,100,82,44.7,53.3,5,1151,20,10.65,,21,10.9,00:11:03,29.4,
161,30.5712681978,29.4857292418,35,control3,100,82,44.3,100,5,1820,91,32.43,30,39,-2.3,00:11:07,41.2,MIL is OFF0 codes
162,30.5748484615,29.4746839808,33,control3,100,82,46.7,86.3,5,2164,93,31.36,30,50,0.8,00:11:11,45.1,MIL is OFF0 codes
163,30.5784287253,29.4636387198,33,control3,100,82,49,100,5,2663,96,50.68,29,65,1.6,00:11:15,46.3,MIL is OFF0 codes
164,30.582008989,29.4525934588,36,control3,100,83,51.4,23.1,5,3114,87,8.16,29,72,5.5,00:11:19,27.1,MIL is OFF0 codes
165,30.5855892527,29.4415481978,42,control3,100,83,52.2,100,5,2443,89,41.72,29,77,-6.2,00:11:23,41.2,MIL is OFF0 codes
166,30.5891695165,29.4305029368,45,control3,100,83,52.9,22.7,5,2476,43,6.53,29,72,-0.8,00:11:27,24.7,MIL is OFF0 codes
167,30.5927497802,29.4194576758,44,control3,100,83,52.2,63.1,5,1942,63,18.48,29,74,-0.8,00:11:31,32.9,MIL is OFF0 codes
168,30.596330044,29.4084124148,44,control3,100,83,52.2,74.5,5,2077,61,23.19,29,81,-0.8,00:11:35,34.1,MIL is OFF0 codes
169,30.5999103077,29.3973671538,43,control3,100,83,52.2,75.3,5,2235,21,7.37,30,77,0,00:11:39,25.5,MIL is OFF0 codes
170,30.6034905714,29.3863218929,40,control3,100,83,51.8,36.5,5,2016,53,17.4,30,72,9.4,00:11:43,32.2,MIL is OFF0 codes
171,30.6070708352,29.3752766319,45,control3,100,83,51.8,65.5,5,1963,53,18.57,29,71,1.6,00:11:47,32.5,MIL is OFF0 codes
172,30.6106510989,29.3642313709,46,control3,100,83,51.4,63.9,5,1966,46,18.88,29,72,-0.8,00:11:51,32.9,MIL is OFF0 codes
173,30.6142313626,29.3531861099,47,control3,100,83,51.4,37.3,5,1964,20,6.79,30,68,0,00:11:55,24.3,MIL is OFF0 codes
174,30.6178116264,29.3421408489,49,control3,100,83,51.4,18.4,5,1814,19,4.81,30,62,0,00:11:59,22.4,MIL is OFF0 codes
175,30.6213918901,29.3310955879,54,control3,100,83,51,18,5,1647,21,4.39,30,45,0,00:12:03,22,MIL is OFF0 codes
176,30.6249721538,29.3200503269,52,control3,100,82,48.6,14.9,5,1556,26,5.77,30,21,9.4,00:12:07,23.5,MIL is OFF0 codes
177,30.6285524176,29.3090050659,46,control3,99,82,46.7,100,5,1995,22,39.19,30,41,0,00:12:11,52.5,MIL is OFF0 codes
178,30.6321326813,29.2979598049,41,control3,99,82,48.2,100,5,2251,102,41.07,29,60,0,00:12:15,83.5,MIL is OFF0 codes
179,30.6357129451,29.286914544,43,control3,100,83,50.6,100,5,2348,44,38.61,30,75,-3.1,00:12:19,74.9,MIL is OFF0 codes
180,30.6392932088,29.275869283,40,control3,100,83,51,95.3,5,2064,71,30.06,29,81,-1.6,00:12:23,36.9,MIL is OFF0 codes
181,30.6428734725,29.264824022,42,control3,100,83,51,19.2,5,2194,19,6.46,30,76,0,00:12:27,24.7,MIL is OFF0 codes
182,30.6464537363,29.253778761,40,control3,100,83,50.2,18.4,5,1958,19,5.65,30,63,0,00:12:31,23.5,MIL is OFF0 codes
183,30.650034,29.2427335,40,control3,100,83,49,17.6,5,1694,19,4.55,30,59,0,00:12:35,22,MIL is OFF0 codes
184,30.6536142637,29.231688239,37,control3,100,82,48.6,18,6,1588,20,4.15,30,53,0,00:12:39,21.6,MIL is OFF0 codes
185,30.6571945275,29.220642978,35,control3,100,82,48.2,20,6,1312,34,3.62,30,30,8.6,00:12:43,20.4,MIL is OFF0 codes
186,30.6607747912,29.209597717,37,control3,100,82,46.3,42.7,6,783,30,4.34,31,7,-3.1,00:12:47,20.8,MIL is OFF0 codes
187,30.6643550549,29.198552456,37,control3,100,82,44.7,31.4,6,813,33,3.68,31,0,1.6,00:12:51,19.6,MIL is OFF0 codes
188,30.6679353187,29.1875071951,37,control3,100,82,45.1,40,6,811,32,4.03,31,0,-1.6,00:12:55,20.4,MIL is OFF0 codes
189,30.6715155824,29.1764619341,37,control3,100,83,45.5,36.9,6,798,32,4.02,31,0,-2.3,00:12:59,20.4,MIL is OFF0 codes
190,30.6750958462,29.1654166731,37,control3,100,83,46.3,36.1,6,800,33,4.23,31,0,-1.6,00:13:03,20.4,MIL is OFF0 codes
191,30.6786761099,29.1543714121,37,control3,100,83,46.7,40.8,6,783,30,4.32,31,0,-1.6,00:13:07,20.4,MIL is OFF0 codes
192,30.6822563736,29.1433261511,37,control3,100,83,47.1,37.3,6,809,30,4.04,31,0,3.9,00:13:11,20.4,MIL is OFF0 codes
193,30.6858366374,29.1322808901,37,control3,100,83,47.5,38,6,808,34,4.26,31,0,2.3,00:13:15,20.4,MIL is OFF0 codes
194,30.6894169011,29.1212356291,37,control3,100,83,47.5,32.9,6,809,31,3.9,32,0,3.9,00:13:19,20,MIL is OFF0 codes
195,30.6929971648,29.1101903681,37,control3,100,83,47.8,37.3,6,805,49,4.03,31,1,3.9,00:13:23,20,MIL is OFF0 codes
196,30.6965774286,29.0991451071,40,control3,100,83,48.2,82.7,6,1278,85,13.22,30,25,0,00:13:27,33.3,MIL is OFF0 codes
197,30.7001576923,29.0880998462,38,control3,,83,49.4,33.7,6,2960,24,13.77,30,40,-2.3,00:13:31,39.6,MIL is OFF0 codes
198,30.703737956,29.0770545852,39,control3,100,83,50.6,100,6,2213,90,40.85,29,57,3.1,00:13:35,44.7,MIL is OFF0 codes
199,30.7073182198,29.0660093242,41,control3,100,84,52.2,67.8,6,2412,89,36.27,29,66,-2.3,00:13:39,38.4,MIL is OFF0 codes
200,30.7108984835,29.0549640632,38,control3,100,84,52.5,17.3,6,2243,20,5.72,30,57,0,00:13:43,23.9,MIL is OFF0 codes
201,30.7144787473,29.0439188022,37,control3,100,85,51,18,6,1824,19,,30,40,0,00:13:47,22.4,MIL is OFF0 codes
202,30.718059011,29.0328735412,38,control3,100,84,49.4,20,6,1244,33,3.38,31,29,6.2,00:13:51,19.6,MIL is OFF0 codes
203,30.7216392747,29.0218282802,34,control3,101,84,47.8,37.6,6,789,38,4.24,30,,5.5,00:13:55,20.4,MIL is OFF0 codes
204,30.7252195385,29.0107830192,36,control3,101,84,47.1,100,6,2947,98,54.36,30,45,0,00:13:59,45.1,MIL is OFF0 codes
205,30.7287998022,28.9997377582,36,control3,100,84,49,100,6,2400,28,43.37,29,53,-3.9,00:14:03,43.5,MIL is OFF0 codes
206,30.7323800659,28.9886924973,40,control3,100,84,50.2,91.8,6,1780,72,23.98,29,56,-3.1,00:14:07,35.3,MIL is OFF0 codes
207,30.7359603297,28.9776472363,41,control3,100,84,51,51,6,1865,65,12.25,30,55,-9.4,00:14:11,30.2,MIL is OFF0 codes
208,30.7395405934,28.9666019753,43,control3,,84,51.4,85.1,6,1858,78,24.57,29,60,-3.9,00:14:15,35.7,MIL is OFF0 codes
209,30.7431208571,28.9555567143,43,control3,100,85,52.2,96.5,6,2036,76,29.3,29,64,-5.5,00:14:19,36.9,MIL is OFF0 codes
210,30.7467011209,28.9445114533,44,control3,100,85,52.9,85.9,6,2141,19,16.7,30,58,-16.4,00:14:23,31.4,MIL is OFF0 codes
211,30.7502813846,28.9334661923,43,control3,100,85,52.5,26.3,6,1855,50,11.88,30,53,6.2,00:14:27,30.6,MIL is OFF0 codes
212,30.7538616484,28.9224209313,46,control3,,85,52.2,55.3,6,1747,99,14.33,30,55,2.3,00:14:31,31,MIL is OFF0 codes
213,30.7574419121,28.9113756703,47,control3,100,85,52.5,19.2,6,1861,63,5.08,30,48,0,00:14:35,23.1,MIL is OFF0 codes
214,30.7610221758,28.9003304093,50,control3,100,85,50.6,78,6,1678,59,20.11,30,54,6.2,00:14:39,33.3,MIL is OFF0 codes
215,30.7646024396,28.8892851484,44,control3,100,85,50.6,83.9,6,1885,32,23.56,30,63,-1.6,00:14:43,34.9,MIL is OFF0 codes
216,30.7681827033,28.8782398874,45,control3,100,85,50.6,20.4,6,2069,20,6.19,30,55,0,00:14:47,24.3,MIL is OFF0 codes
217,30.771762967,28.8671946264,46,control3,,85,50.2,19.2,6,1736,19,4.81,30,35,0,00:14:51,22.4,MIL is OFF0 codes
218,30.7753432308,28.8561493654,49,control3,100,85,48.2,40.4,6,838,33,4.51,31,18,-2.3,00:14:55,20.4,MIL is OFF0 codes
219,30.7789234945,28.8451041044,49,control3,100,84,47.1,38.4,6,795,32,3.97,31,2,-2.3,00:14:59,20.4,MIL is OFF0 codes
220,30.7825037582,28.8340588434,49,control3,100,85,46.3,39.6,6,774,31,4.27,31,0,4.7,00:15:03,20.4,MIL is OFF0 codes
221,30.786084022,28.8230135824,49,control3,100,85,47.1,37.3,6,795,32,4.3,31,0,-0.8,00:15:08,20.4,MIL is OFF0 codes
222,30.7896642857,28.8119683214,49,control3,100,85,47.5,38.4,6,802,32,4.3,31,0,-0.8,00:15:12,20.4,MIL is OFF0 codes
223,30.7932445495,28.8009230604,49,control3,100,85,47.8,,6,818,36,3.85,32,0,7,00:15:16,19.6,MIL is OFF0 codes
224,30.7968248132,28.7898777995,49,control3,100,85,48.2,42.4,6,784,31,4.5,32,0,-0.8,00:15:20,20.4,MIL is OFF0 codes
225,30.8004050769,28.7788325385,49,control3,100,86,48.6,36.5,6,806,34,4.11,32,0,-1.6,00:15:24,20.4,MIL is OFF0 codes
226,30.8039853407,28.7677872775,49,control3,100,86,49,37.6,6,795,33,4.33,32,0,3.9,00:15:28,20.4,MIL is OFF0 codes
227,30.8075656044,28.7567420165,49,control3,100,86,49,41.6,6,784,34,4.13,32,0,-2.3,00:15:32,20.4,MIL is OFF0 codes
228,30.8111458681,28.7456967555,49,control3,100,87,49.4,38.4,6,814,33,4.34,32,0,-2.3,00:15:36,20.4,MIL is OFF0 codes
229,30.8147261319,28.7346514945,49,control3,100,87,49.4,35.7,6,813,32,4.05,32,0,2.3,00:15:40,20,MIL is OFF0 codes
230,30.8183063956,28.7236062335,49,control3,100,87,49.4,37.6,6,805,36,4.28,32,0,3.1,00:15:44,20.8,MIL is OFF0 codes
231,30.8218866593,28.7125609725,44,control3,100,88,49.4,47.1,6,857,39,5.5,32,2,2.3,00:15:48,22.4,MIL is OFF0 codes
232,30.8254669231,28.7015157115,44,control3,100,88,50.2,36.5,6,860,37,4.27,32,0,3.9,00:15:52,20.4,MIL is OFF0 codes
233,30.8290471868,28.6904704505,44,control3,100,89,49.8,75.7,6,845,42,8.24,31,18,-0.8,00:15:56,28.2,MIL is OFF0 codes
234,30.8326274505,28.6794251896,46,control3,100,89,51.4,56.1,6,1947,69,18.74,30,31,-0.8,00:16:00,32.2,MIL is OFF0 codes
235,30.8362077143,28.6683799286,48,control3,100,89,52.9,87.1,6,2882,20,38.55,30,39,-0.8,00:16:04,38,MIL is OFF0 codes
236,30.839787978,28.6573346676,47,control3,100,90,53.7,52.5,6,1924,42,15.08,30,39,-3.1,00:16:08,31.4,MIL is OFF0 codes
237,30.8433682418,28.6462894066,47,control3,100,90,53.3,36.5,6,1928,18,6.98,31,35,0,00:16:12,24.7,MIL is OFF0 codes
238,30.8469485055,28.6352441456,48,control3,100,91,52.9,50.6,6,1692,31,12.79,30,36,4.7,00:16:16,30.2,MIL is OFF0 codes
239,30.8505287692,28.6241988846,49,control3,100,91,52.9,34.9,6,1818,26,9.77,30,38,3.9,00:16:20,29.8,MIL is OFF0 codes
240,30.854109033,28.6131536236,50,control3,100,91,52.5,18,6,1838,19,4.92,31,31,0,00:16:24,22.7,MIL is OFF0 codes
241,30.8576892967,28.6021083626,48,control3,100,91,51.4,38,6,1437,25,10.97,,35,4.7,00:16:28,29.8,MIL is OFF0 codes
242,30.8612695604,28.5910631016,47,control3,100,91,50.6,18,6,1547,27,3.93,31,31,7,00:16:32,20,MIL is OFF0 codes
243,30.8648498242,28.5800178407,47,control3,100,91,50.2,39.6,6,788,34,4.08,32,30,-2.3,00:16:36,20.4,MIL is OFF0 codes
244,30.8684300879,28.5689725797,46,control3,100,91,49.8,52.2,6,1534,33,12.55,31,34,2.3,00:16:40,30.2,MIL is OFF0 codes
245,30.8720103516,28.5579273187,42,control3,100,91,49.8,40.4,6,1749,52,12.19,31,43,-1.6,00:16:44,30.6,
246,30.8755906154,28.5468820577,40,control3,100,91,50.6,97.6,6,2282,81,37.11,30,62,-5.5,00:16:48,39.6,
247,30.8791708791,28.5358367967,39,control3,100,91,51.8,31,6,2313,40,22.07,30,71,-1.6,00:16:52,34.5,
248,30.8827511429,28.5247915357,40,control3,100,91,51.4,30.6,6,2426,19,11.32,30,72,-5.5,00:16:56,29.4,MIL is OFF0 codes
249,30.8863314066,28.5137462747,37,control3,100,91,51,23.9,6,2387,19,11.03,31,67,-0.8,00:17:00,29.4,
250,30.8899116703,28.5027010137,37,control3,100,91,50.2,19.2,6,2072,19,5.85,31,43,0,00:17:04,24.3,
251,30.8934919341,28.4916557527,34,control3,100,90,47.1,23.1,6,1019,71,2.76,31,35,11.7,00:17:08,19.2,
252,30.8970721978,28.4806104918,34,control3,100,90,47.1,100,6,1983,66,35.43,31,50,6.2,00:17:12,69.8,MIL is OFF0 codes
253,30.9006524615,28.4695652308,30,control3,100,89,49,20.4,6,2413,29,7.36,31,45,0,00:17:16,25.9,MIL is OFF0 codes
254,30.9042327253,28.4585199698,28,control3,100,89,48.6,32.5,6,2160,94,11.17,30,53,6.2,00:17:20,29.4,MIL is OFF0 codes
255,30.907812989,28.4474747088,27,control3,100,89,50.2,100,6,2806,19,51.73,30,66,-4.7,00:17:24,45.1,MIL is OFF0 codes
256,30.9113932527,28.4364294478,31,control3,100,89,51.4,100,6,2236,55,35.27,30,71,-4.7,00:17:28,38.8,MIL is OFF0 codes
257,30.9149735165,28.4253841868,33,control3,100,89,51.8,21.6,6,2353,61,6.14,30,74,2.3,00:17:32,24.3,MIL is OFF0 codes
258,30.9185537802,28.4143389258,35,control3,100,89,51.8,63.9,6,2469,48,23.7,30,77,-3.9,00:17:36,34.1,MIL is OFF0 codes
259,30.922134044,28.4032936648,38,control3,100,89,51.8,76.9,6,2600,60,21.61,30,78,3.1,00:17:40,29.8,MIL is OFF0 codes
260,30.9257143077,28.3922484038,39,control3,100,89,51.8,59.2,6,2125,18,18.74,30,78,0,00:17:44,32.5,MIL is OFF0 codes
261,30.9292945714,28.3812031429,40,control3,100,89,51.4,44.3,6,2121,20,14.19,30,76,3.9,00:17:48,31,MIL is OFF0 codes
262,30.9328748352,28.3701578819,42,control3,100,88,51,18,6,1983,21,5.3,31,52,5.5,00:17:52,22.7,MIL is OFF0 codes
263,30.9364550989,28.3591126209,42,control3,100,88,47.8,18.8,6,2165,22,6.4,31,18,1.6,00:17:56,24.7,MIL is OFF0 codes
264,30.9400353626,28.3480673599,42,control3,100,88,44.7,38.8,6,829,34,4.41,32,0,4.7,00:18:00,20.8,MIL is OFF0 codes
265,30.9436156264,28.3370220989,43,control3,100,87,44.7,39.2,6,792,33,4.31,32,0,-0.8,00:18:04,20.4,MIL is OFF0 codes
266,30.9471958901,28.3259768379,43,control3,100,87,45.5,36.5,6,797,33,4.17,32,0,-2.3,00:18:08,20.4,MIL is OFF0 codes
267,30.9507761538,28.3149315769,43,control3,100,87,46.3,37.6,6,782,33,4.26,32,0,2.3,00:18:12,20.4,MIL is OFF0 codes
268,30.9543564176,28.3038863159,43,control3,100,87,46.7,37.6,6,808,35,4.26,32,0,-4.7,00:18:16,20.4,MIL is OFF0 codes
269,30.9579366813,28.2928410549,43,control3,99,88,47.1,100,6,1173,63,23.72,31,25,0,00:18:20,59.2,MIL is OFF0 codes
270,30.9615169451,28.281795794,45,control3,99,88,49.4,100,6,2785,98,60.5,31,45,0,00:18:24,83.5,MIL is OFF0 codes
271,30.9650972088,28.270750533,43,control3,99,88,51.4,100,6,2462,98,48.49,31,63,5.5,00:18:28,83.5,MIL is OFF0 codes
272,30.9686774725,28.259705272,44,control3,99,89,53.3,100,6,3389,89,69.2,30,75,4.7,00:18:32,36.9,MIL is OFF0 codes
273,30.9722577363,28.248660011,46,control3,99,89,53.7,100,6,2560,50,39.43,30,79,-1.6,00:18:36,38.8,MIL is OFF0 codes
274,30.975838,28.23761475,44,control3,99,89,53.7,58.8,6,2635,44,22.38,30,79,0,00:18:40,33.7,MIL is OFF0 codes
275,30.9794182637,28.226569489,46,control3,99,89,53.3,47.8,6,2633,18,18.35,31,75,0,00:18:44,32.2,MIL is OFF0 codes
276,30.9829985275,28.215524228,46,control3,99,89,52.5,17.3,7,2438,18,6.3,31,68,0,00:18:48,24.7,MIL is OFF0 codes
277,30.9865787912,28.204478967,47,control3,99,89,51.8,18,7,2207,20,5.98,31,60,0,00:18:52,,MIL is OFF0 codes
278,30.9901590549,28.193433706,46,control3,,88,51,87.8,7,2063,74,26.69,30,67,4.7,00:18:56,35.7,MIL is OFF0 codes
279,30.9937393187,28.1823884451,44,control3,99,88,51.8,96.5,7,2256,38,34.33,30,70,-1.6,00:19:00,38,MIL is OFF0 codes
280,30.9973195824,28.1713431841,42,control3,99,88,51.8,18.8,7,2281,47,6.33,31,64,0,00:19:04,24.7,MIL is OFF0 codes
281,31.0008998462,28.1602979231,43,control3,99,87,51.4,19.2,7,2056,20,6.19,31,53,0,00:19:08,24.3,MIL is OFF0 codes
282,31.0044801099,28.1492526621,41,control3,99,87,49.4,16.5,7,1616,48,5.34,31,47,7,00:19:12,24.3,MIL is OFF0 codes
283,31.0080603736,28.1382074011,42,control3,99,86,49.4,79.2,7,2417,48,24.22,31,51,-5.5,00:19:17,34.5,MIL is OFF0 codes
284,31.0116406374,28.1271621401,45,control3,99,86,49.8,28.6,7,2470,45,9.68,31,50,-4.7,00:19:21,28.2,MIL is OFF0 codes
285,31.0152209011,28.1161168791,47,control3,99,86,50.2,83.9,7,2563,49,37.97,30,59,-0.8,00:19:25,40,MIL is OFF0 codes
286,31.0188011648,28.1050716181,51,control3,99,86,51,18.4,7,2821,87,7.73,31,53,0,00:19:29,26.3,MIL is OFF0 codes
287,31.0223814286,28.0940263571,51,control3,99,86,51,100,7,2782,26,38.41,30,60,2.3,,38.4,MIL is OFF0 codes
288,31.0259616923,28.0829810962,50,control3,,86,50.2,18,7,1890,97,4.82,31,61,3.9,00:19:37,22.7,MIL is OFF0 codes
289,31.029541956,28.0719358352,50,control3,100,86,50.2,100,7,2138,56,36.64,30,70,3.9,00:19:41,40.8,MIL is OFF0 codes
290,31.0331222198,28.0608905742,47,control3,100,86,51,56.1,7,2355,37,19.11,30,70,0.8,00:19:45,32.9,MIL is OFF0 codes
291,31.0367024835,28.0498453132,40,control3,100,86,51,46.3,7,2344,20,23.58,31,57,-0.8,00:19:49,34.5,MIL is OFF0 codes
292,31.0402827473,28.0388000522,44,control3,100,86,47.1,16.5,7,1142,35,2.63,31,0,9.4,00:19:53,17.3,MIL is OFF0 codes
293,31.043863011,28.0277547912,44,control3,100,86,43.9,39.2,7,807,30,4.32,32,0,0.8,00:19:57,20.4,MIL is OFF0 codes
294,31.0474432747,28.0167095302,44,control3,100,86,44.7,33.3,7,809,33,3.66,32,0,-0.8,00:20:01,19.6,MIL is OFF0 codes
295,31.0510235385,28.0056642692,47,control3,100,87,45.1,38.8,7,784,32,4.12,32,0,2.3,00:20:05,20.8,MIL is OFF0 codes
296,31.0546038022,27.9946190082,47,control3,100,87,45.9,37.6,7,796,32,4.27,32,0,-3.1,00:20:09,20.4,MIL is OFF0 codes
297,31.0581840659,27.9835737473,47,control3,100,87,46.3,36.9,7,793,32,4.1,32,0,-2.3,00:20:13,20.4,MIL is OFF0 codes
298,31.0617643297,27.9725284863,47,control3,100,87,46.7,36.9,7,807,31,4.09,32,0,-3.1,00:20:17,20.4,MIL is OFF0 codes
299,31.0653445934,27.9614832253,47,control3,100,88,46.7,38.8,7,801,32,3.91,33,0,0.8,00:20:21,20.4,MIL is OFF0 codes
300,31.0689248571,27.9504379643,47,control3,100,88,47.1,35.3,7,806,33,4.22,33,0,0.8,00:20:25,20.4,MIL is OFF0 codes
301,31.0725051209,27.9393927033,47,control3,100,88,47.1,35.3,7,793,33,4.21,33,0,-3.1,00:20:29,20.4,MIL is OFF0 codes
302,31.0760853846,27.9283474423,47,control3,100,89,47.5,40.8,7,789,31,4.47,33,0,-4.7,00:20:33,20.8,MIL is OFF0 codes
303,31.0796656484,27.9173021813,47,control3,100,89,47.5,36.9,7,815,88,4.29,32,11,-2.3,00:20:37,20.4,MIL is OFF0 codes
304,31.0832459121,27.9062569203,47,control3,100,90,48.6,100,7,3081,79,47.15,31,34,3.1,00:20:41,32.9,MIL is OFF0 codes
305,31.0868261758,27.8952116593,47,control3,100,90,49.8,18.8,7,2324,52,6.56,31,40,3.9,00:20:45,23.9,MIL is OFF0 codes
306,31.0904064396,27.8841663984,46,control3,100,91,50.2,17.6,7,1885,20,5.19,31,25,0,00:20:49,22.7,MIL is OFF0 codes
307,31.0939867033,27.8731211374,45,control3,101,91,48.2,20.8,7,1091,99,3.14,31,27,3.9,00:20:53,18.4,MIL is OFF0 codes
308,31.097566967,27.8620758764,44,control3,100,91,49.4,100,7,1473,99,25.54,32,44,0,00:20:57,61.2,MIL is OFF0 codes
309,31.1011472308,27.8510306154,45,control3,99,92,51.4,100,7,2342,19,44.5,31,49,-6.2,00:21:01,83.5,MIL is OFF0 codes
310,31.1047274945,27.8399853544,43,control3,99,92,51.4,20.4,7,2278,96,7.08,31,55,11.7,00:21:05,25.5,MIL is OFF0 codes
311,31.1083077582,27.8289400934,44,control3,98,91,51.8,100,7,2907,100,58.37,31,65,0,00:21:09,52.9,MIL is OFF0 codes
312,31.111888022,27.8178948324,47,control3,100,91,52.5,100,7,2237,85,39.9,30,73,1.6,00:21:13,43.5,MIL is OFF0 codes
313,31.1154682857,27.8068495714,47,control3,100,91,52.9,19.2,7,1978,19,5.36,31,71,-6.2,00:21:17,22.7,MIL is OFF0 codes
314,31.1190485495,27.7958043104,49,control3,100,91,51.4,17.6,7,1898,18,5.11,31,68,0,00:21:21,22.7,MIL is OFF0 codes
315,31.1226288132,27.7847590495,49,control3,100,91,49.8,18,7,1814,19,4.66,31,55,0,00:21:25,22.7,MIL is OFF0 codes
316,31.1262090769,27.7737137885,49,control3,100,90,47.8,16.9,7,1363,31,3.88,32,35,7,00:21:29,20.4,MIL is OFF0 codes
317,31.1297893407,27.7626685275,46,control3,100,89,45.9,37.6,7,812,32,4.37,,11,-2.3,00:21:33,20.4,
318,31.1333696044,27.7516232665,41,control3,100,89,43.9,37.3,7,811,50,4.18,31,24,-3.1,00:21:37,20,MIL is OFF0 codes
319,31.1369498681,27.7405780055,42,control3,98,88,44.7,100,7,1912,32,43.1,30,41,4.7,00:21:41,53.3,MIL is OFF0 codes
320,31.1405301319,27.7295327445,43,control3,98,88,47.1,100,7,2042,87,37.65,30,54,3.9,00:21:45,43.1,MIL is OFF0 codes
321,31.1441103956,27.7184874835,42,control3,98,88,49,25.1,7,2096,69,22.18,30,60,5.5,00:21:49,33.7,
322,31.1476906593,27.7074422225,42,control3,98,88,49.4,82.7,7,2102,73,25.07,30,67,-2.3,00:21:53,34.9,
323,31.1512709231,27.6963969615,44,control3,98,88,50.2,91.4,7,2267,19,30.76,31,67,-3.1,00:21:57,36.9,
324,31.1548511868,27.6853517005,48,control3,98,87,50.6,82.4,7,1847,60,21.92,31,68,-3.1,00:22:01,34.1,MIL is OFF0 codes
325,31.1584314505,27.6743064396,47,control3,98,87,51,71.4,7,1860,47,19.53,31,68,-7.8,00:22:05,32.9,
326,31.1620117143,27.6632611786,46,control3,98,87,51,17.6,7,1825,19,4.73,31,60,0,00:22:09,22.4,MIL is OFF0 codes
327,31.165591978,27.6522159176,42,control3,98,87,50.2,17.6,7,1586,90,4.12,31,58,3.1,00:22:13,22,MIL is OFF0 codes
328,31.1691722418,27.6411706566,41,control3,98,86,50.6,100,7,1638,94,28.26,31,65,6.2,00:22:17,45.1,MIL is OFF0 codes
329,31.1727525055,27.6301253956,38,control3,98,86,51,100,7,1816,18,30.22,31,60,-3.9,00:22:21,37.6,MIL is OFF0 codes
330,31.1763327692,27.6190801346,41,control3,98,85,49.8,96.9,7,1654,66,27.89,,51,-0.8,00:22:29,38.4,MIL is OFF0 codes
331,31.179913033,27.6080348736,43,control3,98,85,50.6,49.8,7,1702,52,10.76,31,52,-7,00:22:33,28.6,MIL is OFF0 codes
332,31.1834932967,27.5969896126,38,control3,100,85,51,100,7,1920,30,35.77,31,70,-2.3,00:22:37,54.5,MIL is OFF0 codes
333,31.1870735604,27.5859443516,36,control3,100,85,51,17.3,7,2346,18,6.07,31,69,0,00:22:41,24.3,MIL is OFF0 codes
334,31.1906538242,27.5748990907,32,control3,100,84,49,18.4,7,1835,20,4.51,31,42,10.9,00:22:45,21.6,MIL is OFF0 codes
335,31.1942340879,27.5638538297,36,control3,100,84,46.3,18.8,8,2110,81,9.2,31,52,6.2,00:22:49,29.8,MIL is OFF0 codes
336,31.1978143516,27.5528085687,34,control3,100,84,47.5,20.8,8,2262,77,6.47,30,57,-0.8,00:22:53,27.5,MIL is OFF0 codes
337,31.2013946154,27.5417633077,32,control3,100,83,48.2,88.2,8,1953,67,24.97,30,61,-0.8,00:22:57,35.3,MIL is OFF0 codes
338,31.2049748791,27.5307180467,36,control3,100,83,49.4,23.1,8,2035,65,5.23,31,59,0,00:23:01,23.5,MIL is OFF0 codes
339,31.2085551429,27.5196727857,34,control3,100,83,49.4,27.1,8,1987,21,4.94,31,37,0,00:23:05,23.1,MIL is OFF0 codes
340,31.2121354066,27.5086275247,31,control3,100,83,46.3,46.7,8,1585,90,18.73,31,44,0,00:23:09,31.8,MIL is OFF0 codes
341,31.2157156703,27.4975822637,28,control3,100,83,47.5,100,8,2456,98,27.93,31,59,4.7,00:23:13,29.8,MIL is OFF0 codes
342,31.2192959341,27.4865370027,25,control3,100,83,48.6,100,8,2042,94,35.19,30,69,-2.3,00:23:17,65.9,MIL is OFF0 codes
343,31.2228761978,27.4754917418,32,control3,100,83,49.8,100,8,2399,93,42.89,30,73,1.6,00:23:21,42.7,MIL is OFF0 codes
344,31.2264564615,27.4644464808,33,control3,100,83,50.2,100,8,2035,90,35.89,30,77,-2.3,00:23:25,42,MIL is OFF0 codes
345,31.2300367253,27.4534012198,36,control3,100,83,51,100,8,2085,81,31.81,30,76,-6.2,00:23:29,38,MIL is OFF0 codes
346,31.233616989,27.4423559588,40,control3,100,84,51.4,87.8,8,2067,20,24.52,30,73,-6.2,00:23:33,34.5,MIL is OFF0 codes
347,31.2371972527,27.4313106978,44,control3,100,84,51.4,83.1,8,2016,65,24.68,30,77,-2.3,00:23:37,34.9,MIL is OFF0 codes
348,31.2407775165,27.4202654368,46,control3,100,84,51.4,63.5,8,2130,27,18.41,30,76,-10.2,00:23:41,32.5,MIL is OFF0 codes
349,31.2443577802,27.4092201758,44,control3,100,84,51,18.8,8,2065,20,5.87,30,64,0,00:23:46,23.9,MIL is OFF0 codes
350,31.247938044,27.3981749148,41,control3,100,83,49.4,17.6,8,1323,20,3.23,31,33,10.2,00:23:50,18.8,MIL is OFF0 codes
351,31.2515183077,27.3871296538,38,control3,100,83,46.7,24.3,8,1561,99,8.33,31,40,10.9,00:23:54,28.2,MIL is OFF0 codes
352,31.2550985714,27.3760843929,33,control3,99,83,48.6,100,8,2201,23,40.67,30,52,-5.5,00:23:58,83.5,MIL is OFF0 codes
353,31.2586788352,27.3650391319,36,control3,99,83,50.2,72.2,8,1738,51,6.53,30,52,-0.8,00:24:02,23.5,MIL is OFF0 codes
354,31.2622590989,27.3539938709,39,control3,99,83,50.2,19.2,8,1667,20,4.72,30,33,0,00:24:06,22.4,MIL is OFF0 codes
355,31.2658393626,27.3429486099,42,control3,100,84,47.5,100,8,1227,99,20.17,30,45,7,00:24:10,54.1,MIL is OFF0 codes
356,31.2694196264,27.3319033489,43,control3,100,84,48.6,100,8,1584,23,27.86,30,56,0,00:24:14,57.6,MIL is OFF0 codes
357,31.2729998901,27.3208580879,45,control3,100,84,49,18.4,8,1850,22,4.96,30,42,0,00:24:18,22.4,MIL is OFF0 codes
358,31.2765801538,27.3098128269,41,control3,100,84,45.9,34.5,8,847,35,3.67,31,,-7.8,00:24:22,19.6,MIL is OFF0 codes
359,31.2801604176,27.2987675659,39,control3,100,84,42.4,42,8,822,77,,31,19,2.3,00:24:26,20.4,MIL is OFF0 codes
360,31.2837406813,27.2877223049,38,control3,100,85,43.1,87.1,9,1851,19,19.93,30,17,-13.3,00:24:30,32.5,MIL is OFF0 codes
361,31.2873209451,27.276677044,36,control3,100,85,44.3,21.6,9,1150,40,3.22,31,16,-0.8,00:24:34,18.4,MIL is OFF0 codes
362,31.2909012088,27.265631783,41,control3,100,85,42.7,42.4,9,768,26,4.68,31,23,3.1,00:24:38,21.2,MIL is OFF0 codes
363,31.2944814725,27.254586522,39,control3,100,85,42.4,38,9,872,35,4.42,31,13,-2.3,00:24:42,20,MIL is OFF0 codes
364,31.2980617363,27.243541261,39,control3,100,85,42,45.5,9,726,29,5.16,32,9,3.1,00:24:46,23.5,MIL is OFF0 codes
365,31.301642,27.232496,41,control3,100,85,42.4,40,9,772,35,4.49,32,0,-2.3,00:24:50,20.8,MIL is OFF0 codes
