ord,LATITUDE,LONGITUDE,ALTITUDE,VEHICLE_ID,BAROMETRIC_PRESSURE,ENGINE_COOLANT_TEMP,FUEL_LEVEL,ENGINE_LOAD,AMBIENT_AIR_TEMP,ENGINE_RPM,INTAKE_MANIFOLD_PRESSURE,MAF,AIR_INTAKE_TEMP,SPEED,SHORT.TERM.FUEL.TRIM.BANK.1,ENGINE_RUNTIME,THROTTLE_POS,DTC_NUMBER,TIMING_ADVANCE,EQUIV_RATIO
1,29.998426,31.252971,42,control1,100,95,"56,10","43,10",4,816,39,"4,73",34,,"0,80",00:45:33,"21,20",MIL is OFF0 codes,"52,90","1,00"
2,29.9983295405,31.2552721909,42,control1,100,95,"56,10","42,00",4,807,37,"4,73",34,0,"0,80",00:45:37,"21,60",MIL is OFF0 codes,"52,50","1,00"
3,29.9982330811,31.2575733818,44,control1,100,94,"56,10","50,60",4,1559,37,"11,51",32,9,"-6,20",00:45:41,"29,80",MIL is OFF0 codes,"56,90","1,00"
4,29.9981366216,31.2598745726,41,control1,100,93,"56,90","41,20",4,1692,46,"10,29",32,10,"3,10",00:45:45,"29,00",MIL is OFF0 codes,"71,80","1,00"
5,29.9980401622,31.2621757635,46,control1,100,91,"56,90","55,70",4,863,52,"7,25",32,11,"4,70",00:45:49,"25,90",MIL is OFF0 codes,"58,00","1,00"
6,29.9979437027,31.2644769544,47,control1,,90,"57,30","69,80",4,955,66,"9,2",32,8,"0,80",00:45:53,"27,50",MIL is OFF0 codes,"60,40","1,00"
7,29.9978472432,31.2667781453,49,control1,100,90,"58,00","26,30",4,777,51,"9,39",32,9,"2,30",00:45:57,"29,80",MIL is OFF0 codes,"46,30","1,00"
8,29.9977507838,31.2690793361,51,control1,100,90,"59,20","47,10",4,1549,41,,32,13,"-7,80",00:46:01,"29,40",MIL is OFF0 codes,"69,00","1,00"
9,29.9976543243,31.271380527,52,control1,100,89,"60,00","49,40",4,2106,43,"16,1",32,12,"1,60",00:46:05,"31,80",MIL is OFF0 codes,"70,60","1,00"
10,29.9975578649,31.2736817179,52,control1,100,89,"60,00","62,40",4,1080,53,"9,48",32,15,"-1,60",00:46:09,"28,20",MIL is OFF0 codes,"62,00","1,00"
11,29.9974614054,31.2759829088,53,control1,100,89,"60,40","61,20",4,1384,50,"12,41",31,20,"-3,90",00:46:13,"30,20",MIL is OFF0 codes,"65,90","1,00"
12,29.9973649459,31.2782840997,54,control1,100,89,"60,80","56,50",4,1727,37,"14,34",32,18,"-2,30",00:46:17,"31,00",MIL is OFF0 codes,"69,00","1,00"
13,29.9972684865,31.2805852905,54,control1,100,89,"60,40","61,20",4,934,54,"8,45",32,20,"3,90",00:46:21,"27,10",MIL is OFF0 codes,"60,40","1,00"
14,29.997172027,31.2828864814,54,control1,100,89,"60,00","63,50",4,1040,49,"9,5",32,23,"3,90",00:46:25,"28,20",MIL is OFF0 codes,"61,20","1,00"
15,29.9970755676,31.2851876723,53,control1,100,89,"59,60","57,30",4,1204,48,"10,11",31,28,"-0,80",00:46:29,"28,60",MIL is OFF0 codes,"63,10","1,00"
16,29.9969791081,31.2874888632,53,control1,100,89,"59,60","54,10",4,1464,20,"11,63",31,33,"4,70",00:46:33,"29,80",MIL is OFF0 codes,"67,80","1,00"
17,29.9968826486,31.2897900541,52,control1,100,89,"58,80","20,80",4,1084,21,"3,67",33,,"6,20",00:46:37,"19,20",MIL is OFF0 codes,"58,80","1,00"
18,29.9967861892,31.2920912449,46,control1,100,88,"58,40","21,60",4,1098,20,"3,81",33,34,"-0,80",00:46:41,"19,20",MIL is OFF0 codes,"56,90","1,00"
19,29.9966897297,31.2943924358,46,control1,100,85,"56,50","38,00",4,1486,31,"8,33",32,31,"4,70",00:47:06,"26,70",MIL is OFF0 codes,"71,00","1,00"
20,29.9965932703,31.2966936267,45,control1,100,85,"56,50","36,90",4,1569,27,"8,52",32,32,"0,80",00:47:10,"27,10",MIL is OFF0 codes,"72,20","1,00"
21,29.9964968108,31.2989948176,45,control1,100,84,"56,10","30,20",4,1579,28,"7,09",32,32,"-3,90",00:47:14,"25,50",MIL is OFF0 codes,"73,70","1,00"
22,29.9964003514,31.3012960084,45,control1,100,84,"56,10","31,80",4,1572,28,"7,1",32,32,"3,10",00:47:18,"25,50",MIL is OFF0 codes,"73,30","1,00"
23,29.9963038919,31.3035971993,45,control1,100,83,"55,70","32,20",4,1570,29,"7,48",32,32,"1,60",00:47:22,"25,90",,"72,90","1,00"
24,29.9962074324,31.3058983902,46,control1,100,83,"55,70","31,40",4,1589,27,"7,47",32,,"3,10",00:47:26,"25,90",,"73,30","1,00"
25,29.996110973,31.3081995811,45,control1,100,83,"55,70","32,20",4,1628,28,"7,6",32,35,"-2,30",00:47:30,"26,30",MIL is OFF0 codes,"73,70","1,00"
26,29.9960145135,31.310500772,44,control1,100,83,"55,70","22,40",4,1704,20,"4,37",32,36,"0,00",00:47:34,"22,00",MIL is OFF0 codes,"74,90","1,00"
27,29.9959180541,31.3128019628,43,control1,100,82,"55,70","20,00",4,1204,19,"3,26",33,37,"6,20",00:47:38,"19,20",MIL is OFF0 codes,"58,80","1,00"
28,29.9958215946,31.3151031537,38,control1,100,82,"55,70","20,80",4,1246,21,"3,38",33,,"16,40",00:47:42,"20,00",MIL is OFF0 codes,"60,00","1,00"
29,29.9957251351,31.3174043446,37,control1,100,82,"55,70","18,80",4,1256,20,"3,59",33,36,"23,40",00:47:46,"20,40",MIL is OFF0 codes,"60,00","1,00"
30,29.9956286757,31.3197055355,37,control1,100,82,"55,30","20,40",4,1207,20,"3,51",33,34,"11,70",00:47:50,"20,00",MIL is OFF0 codes,"59,20","1,00"
31,29.9955322162,31.3220067264,37,control1,100,81,"55,30","22,00",4,1108,35,"3,57",33,32,"5,50",00:47:54,"19,20",MIL is OFF0 codes,"56,90","1,00"
32,29.9954357568,31.3243079172,37,control1,100,81,"55,30","48,20",4,1064,43,"7,58",32,,"6,20",00:47:58,"26,30",MIL is OFF0 codes,"64,30","1,00"
33,29.9953392973,31.3266091081,36,control1,100,81,"55,30","50,20",4,1078,44,"7,71",32,33,"3,90",00:48:02,"26,70",MIL is OFF0 codes,"64,30","1,00"
34,29.9952428378,31.328910299,36,control1,100,81,"55,30","49,40",4,1092,33,"7,81",32,32,"-2,30",00:48:06,"26,70",MIL is OFF0 codes,"64,70","1,00"
35,29.9951463784,31.3312114899,38,control1,100,81,"55,30","18,00",4,1058,21,"3,08",33,28,"0,00",00:48:10,"18,40",MIL is OFF0 codes,"65,90","1,00"
36,29.9950499189,31.3335126807,39,control1,100,81,"55,30","23,50",4,924,33,"3,46",34,24,"7,80",00:48:15,"18,80",MIL is OFF0 codes,"65,90","1,00"
37,29.9949534595,31.3358138716,40,control1,100,81,"54,90","60,40",4,1212,48,"10,3",33,28,"-1,60",00:48:19,"29,00",MIL is OFF0 codes,"61,20","1,00"
38,29.994857,31.3381150625,40,control1,100,80,"55,30","58,40",4,1443,21,"12,06",32,33,"-7,80",00:48:23,"30,20",MIL is OFF0 codes,"67,50","1,00"
39,29.9947605405,31.3404162534,41,control1,100,80,"55,30","38,80",4,1097,40,"6,32",32,34,"3,10",00:48:27,"24,70",MIL is OFF0 codes,"67,10","1,00"
40,29.9946640811,31.3427174443,41,control1,100,80,"55,30","44,30",4,1146,37,"7,28",32,,"3,90",00:48:31,"25,90",MIL is OFF0 codes,"65,50","1,00"
41,29.9945676216,31.3450186351,43,control1,100,80,"55,30","44,70",4,1134,38,"7,18",32,34,"3,90",00:48:35,"25,90",MIL is OFF0 codes,"65,50","1,00"
42,29.9944711622,31.347319826,43,control1,100,80,"55,30","44,70",4,1124,39,"7,12",32,34,"-2,30",00:48:39,"25,50",MIL is OFF0 codes,"65,50","1,00"
43,29.9943747027,31.3496210169,45,control1,100,80,"55,30","41,20",4,1115,19,"6,35",33,33,"3,10",00:48:43,,MIL is OFF0 codes,"66,30","1,00"
44,29.9942782432,31.3519222078,46,control1,100,81,"55,30","19,60",4,1021,21,"2,77",33,31,"3,10",00:48:47,"18,40",MIL is OFF0 codes,"65,50","1,00"
45,29.9941817838,31.3542233986,45,control1,100,81,"55,30","43,10",4,1251,57,"7,39",33,27,"6,20",00:48:51,"26,30",MIL is OFF0 codes,"67,50","1,00"
46,29.9940853243,31.3565245895,42,control1,100,81,"55,70","69,00",4,1380,62,"14,05",32,29,,00:48:55,"31,00",MIL is OFF0 codes,"65,10","1,00"
47,29.9939888649,31.3588257804,43,control1,100,81,"56,50","76,10",4,1481,64,"16,44",32,30,"-10,20",00:48:59,"32,20",MIL is OFF0 codes,"64,70","1,00"
48,29.9938924054,31.3611269713,46,control1,100,81,"57,60","76,90",4,1484,63,"17,29",32,30,"-3,90",00:49:03,"32,50",MIL is OFF0 codes,"65,10","1,00"
49,29.9937959459,31.3634281622,49,control1,100,81,"58,40","78,00",4,1523,65,"17,1",32,,"-3,10",00:49:07,"32,50",MIL is OFF0 codes,"65,10","1,00"
50,29.9936994865,31.365729353,50,control1,100,81,"58,80","77,60",4,1561,59,"17,64",32,31,"-3,10",00:49:11,"32,50",MIL is OFF0 codes,"65,50","1,00"
51,29.993603027,31.3680305439,52,control1,100,81,"59,20","68,20",4,1540,20,"13,69",32,25,"-0,80",00:49:15,"29,80",MIL is OFF0 codes,"66,70","1,00"
52,29.9935065676,31.3703317348,54,control1,100,82,"59,20","18,80",4,1091,53,"3,25",33,19,"-2,30",00:49:19,"18,80",MIL is OFF0 codes,"59,60","1,00"
53,29.9934101081,31.3726329257,54,control1,100,82,"58,80","74,10",4,980,55,"10,73",32,27,"4,70",00:49:23,"29,80",MIL is OFF0 codes,"58,00","1,00"
54,29.9933136486,31.3749341166,54,control1,100,82,"58,80","48,60",4,1414,27,"8,62",33,31,"7,80",00:49:27,"25,90",MIL is OFF0 codes,"66,70","1,00"
55,29.9932171892,31.3772353074,51,control1,100,82,"58,40","19,60",4,1060,21,"3,17",33,34,"7,80",00:49:31,"18,80",MIL is OFF0 codes,"58,40","1,00"
56,29.9931207297,31.3795364983,50,control1,100,82,"58,00","22,70",4,1156,20,"3,58",33,37,"7,00",00:49:35,"19,60",MIL is OFF0 codes,"56,90","1,00"
57,29.9930242703,31.3818376892,46,control1,100,82,"57,30","19,20",4,1245,20,"3,54",33,39,"14,10",00:49:39,"20,40",MIL is OFF0 codes,"59,60","1,00"
58,29.9929278108,31.3841388801,45,control1,100,82,"56,90","19,20",4,1321,20,"3,73",33,39,"13,30",00:49:43,"20,80",MIL is OFF0 codes,"61,60","1,00"
59,29.9928313514,31.3864400709,43,control1,100,82,"56,50","19,20",4,1260,21,"3,54",33,33,"14,10",00:49:47,"20,40",MIL is OFF0 codes,"60,40","1,00"
60,29.9927348919,31.3887412618,42,control1,100,82,"56,10","14,10",4,996,23,"2,74",34,34,"6,20",00:50:21,"18,80",MIL is OFF0 codes,"65,50","1,00"
61,29.9926384324,31.3910424527,43,control1,100,82,"56,10","26,30",4,930,24,"3,56",34,33,"-2,30",00:50:25,"19,20",MIL is OFF0 codes,"62,70","1,00"
62,29.992541973,31.3933436436,42,control1,100,82,"55,70","26,30",4,901,25,"3,37",34,32,"1,60",00:50:29,"19,20",MIL is OFF0 codes,"60,80","1,00"
63,29.9924455135,31.3956448345,42,control1,100,82,"55,70","28,20",4,879,26,"3,41",34,32,"-3,90",00:50:33,"19,20",MIL is OFF0 codes,"61,60","1,00"
64,29.9923490541,31.3979460253,42,control1,100,82,"55,70","27,10",4,872,26,"3,55",34,,"1,60",00:50:37,"19,20",MIL is OFF0 codes,"61,60","1,00"
65,29.9922525946,31.4002472162,41,control1,100,82,"55,70","27,10",4,889,24,"3,5",35,32,"1,60",00:50:41,"19,20",MIL is OFF0 codes,"61,20","1,00"
66,29.9921561351,31.4025484071,42,control1,100,82,"55,70","28,60",4,796,75,3,33,31,"2,30",00:50:45,"19,60",MIL is OFF0 codes,"61,60","1,00"
67,29.9920596757,31.404849598,41,control1,100,82,"56,10","92,50",4,1071,53,"14,61",33,32,"-4,70",00:50:49,"32,20",MIL is OFF0 codes,"56,10","1,00"
68,29.9919632162,31.4071507889,40,control1,100,82,"56,50","63,90",4,1615,18,"15,19",32,,"-0,80",00:50:53,,MIL is OFF0 codes,"68,20","1,00"
69,29.9918667568,31.4094519797,42,control1,100,82,"56,50","18,00",4,1514,21,"3,84",33,25,"0,00",00:50:57,"21,60",MIL is OFF0 codes,"62,40","1,00"
70,29.9917702973,31.4117531706,40,control1,100,82,"56,10","33,30",4,806,33,"4,8",34,,"0,00",00:51:01,"22,00",MIL is OFF0 codes,"67,50","1,00"
71,29.9916738378,31.4140543615,39,control1,100,82,"55,30","40,80",4,788,35,"4,36",34,0,"3,10",00:51:05,"20,80",MIL is OFF0 codes,"54,10","1,00"
72,29.9915773784,31.4163555524,39,control1,100,82,"54,90","36,90",4,818,34,"4,38",34,0,"3,90",00:51:09,"20,40",MIL is OFF0 codes,"54,50","1,00"
73,29.9914809189,31.4186567432,39,control1,100,82,"54,50","37,30",4,814,32,"4,07",34,0,"3,90",00:51:13,"20,40",MIL is OFF0 codes,"57,60","1,00"
74,29.9913844595,31.4209579341,39,control1,100,82,"54,50","37,30",4,792,32,"4,1",35,0,"4,70",00:51:17,"20,40",MIL is OFF0 codes,"54,90","1,00"
75,29.991288,31.423259125,39,control1,100,82,"54,50","36,10",4,803,33,"4,26",35,0,"3,90",00:51:21,"20,40",MIL is OFF0 codes,"56,90","1,00"
76,29.9911915405,31.4255603159,39,control1,100,83,"54,50","38,00",4,781,35,"4,13",35,,"3,90",00:51:25,"20,40",MIL is OFF0 codes,"56,90","1,00"
77,29.9910950811,31.4278615068,41,control1,100,83,"54,50","40,80",4,797,24,"4,66",34,12,"-1,60",00:51:29,"21,20",MIL is OFF0 codes,"55,30","1,00"
78,29.9909986216,31.4301626976,38,control1,100,83,"54,90","18,80",4,1062,36,"4,02",33,16,"-1,60",00:51:33,"22,00",MIL is OFF0 codes,"58,40","1,00"
79,29.9909021622,31.4324638885,39,control1,100,83,"54,90","51,40",4,1356,46,"10,28",33,23,"-3,10",00:51:37,"29,00",MIL is OFF0 codes,"67,10","1,00"
80,29.9908057027,31.4347650794,40,control1,100,83,"55,30","18,80",4,1227,55,"3,51",33,26,"-2,30",00:51:41,"20,00",MIL is OFF0 codes,"65,10","1,00"
81,29.9907092432,31.4370662703,41,control1,100,83,"55,70","63,50",4,1342,33,"12,46",32,30,"-4,70",00:51:45,"30,20",MIL is OFF0 codes,"65,50","1,00"
82,29.9906127838,31.4393674611,42,control1,100,83,"56,10","16,10",4,1401,21,"3,31",33,25,"7,80",00:51:49,"20,80",MIL is OFF0 codes,"64,30","1,00"
83,29.9905163243,31.441668652,41,control1,100,83,"55,70","20,40",4,1109,44,"2,95",34,17,"2,30",00:51:53,"18,80",MIL is OFF0 codes,"58,40","1,00"
84,29.9904198649,31.4439698429,44,control1,100,84,"55,70","85,10",4,935,64,"11,55",33,23,"7,80",00:51:57,"30,60",MIL is OFF0 codes,"58,00","1,00"
85,29.9903234054,31.4462710338,45,control1,100,84,"56,50","74,10",4,1187,58,"12,86",32,27,"-1,60",00:52:01,"30,60",MIL is OFF0 codes,"60,00","1,00"
86,29.9902269459,31.4485722247,46,control1,100,84,"57,30","68,20",4,1359,55,"13,71",32,29,"-5,50",00:52:05,"31,00",MIL is OFF0 codes,"65,10","1,00"
87,29.9901304865,31.4508734155,48,control1,100,,"57,60","62,40",4,1477,53,"13,74",32,30,"-5,50",00:52:09,"31,00",MIL is OFF0 codes,"67,10","1,00"
88,29.990034027,31.4531746064,50,control1,100,84,"58,00","63,10",4,1471,55,"13,61",32,,"-4,70",00:52:13,"31,00",MIL is OFF0 codes,"67,10","1,00"
89,29.9899375676,31.4554757973,50,control1,100,84,"58,40","64,30",4,1477,40,"13,61",32,30,"-3,90",00:52:17,"31,00",MIL is OFF0 codes,"67,10","1,00"
90,29.9898411081,31.4577769882,50,control1,100,84,"58,40","44,30",4,1509,19,"9,63",32,,"0,00",00:52:21,"27,10",MIL is OFF0 codes,"69,80","1,00"
91,29.9897446486,31.4600781791,51,control1,100,84,"58,40","36,50",4,963,24,"4,04",33,29,"4,70",00:52:25,"18,40",MIL is OFF0 codes,"49,80","1,00"
92,29.9896481892,31.4623793699,49,control1,100,84,"57,60","26,30",4,899,26,"3,16",34,26,"3,90",00:52:29,"18,80",MIL is OFF0 codes,"63,10","1,00"
93,29.9895517297,31.4646805608,48,control1,100,84,"57,60","39,60",4,734,31,"4,41",34,26,"3,90",00:52:33,"20,00",MIL is OFF0 codes,"56,90","1,00"
94,29.9894552703,31.4669817517,45,control1,100,84,"57,30","36,90",4,1348,30,"7,09",33,30,"7,00",00:52:37,"25,50",MIL is OFF0 codes,"69,00","1,00"
95,29.9893588108,31.4692829426,45,control1,100,84,"56,90","33,70",4,1536,17,"7,63",33,33,"6,20",00:52:41,"25,90",MIL is OFF0 codes,"72,50","1,00"
96,29.9892623514,31.4715841334,44,control1,100,84,"56,90","18,00",4,1570,20,"4,16",33,30,"0,00",00:52:45,"22,00",MIL is OFF0 codes,"63,10","1,00"
97,29.9891658919,31.4738853243,43,control1,100,84,"56,50","18,00",4,1442,21,"4,01",33,27,"0,00",00:52:49,"21,20",MIL is OFF0 codes,"61,60","1,00"
98,29.9890694324,31.4761865152,42,control1,100,83,"56,10","19,60",4,1282,20,"3,61",33,23,"3,90",00:52:53,"20,40",MIL is OFF0 codes,"59,20","1,00"
99,29.988972973,31.4784877061,43,control1,100,83,"56,10","20,80",4,1109,30,"3,66",33,20,"6,20",00:52:57,"19,20",MIL is OFF0 codes,"56,50","1,00"
100,29.9888765135,31.480788897,44,control1,100,83,"56,10","37,60",4,1001,34,"5,38",33,20,"3,10",00:53:01,"23,10",MIL is OFF0 codes,"60,80","1,00"
101,29.9887800541,31.4830900878,44,control1,100,83,"56,10","40,40",4,964,33,"4,73",34,,"-2,30",00:53:05,"18,80",MIL is OFF0 codes,,"1,00"
102,29.9886835946,31.4853912787,43,control1,100,83,"56,10","45,10",4,1004,29,"6,6",33,9,"3,10",00:53:10,"25,90",MIL is OFF0 codes,"62,40","1,00"
103,29.9885871351,31.4876924696,44,control1,100,83,"56,10","38,00",4,782,36,"4,4",34,0,"-3,90",00:53:13,"20,40",MIL is OFF0 codes,"60,80","1,00"
104,29.9884906757,31.4899936605,44,control1,100,84,"56,10","43,50",4,790,61,"4,68",33,,"-1,60",00:53:18,"21,20",,"52,20","1,00"
105,29.9883942162,31.4922948514,45,control1,100,84,"57,30","62,70",4,1767,53,"16,79",32,9,"0,00",00:53:22,"32,20",MIL is OFF0 codes,"68,20","1,00"
106,29.9882977568,31.4945960422,48,control1,100,84,"58,00","69,00",4,1183,19,"11,82",32,17,"0,80",00:53:26,"30,20",MIL is OFF0 codes,"63,10","1,00"
107,29.9882012973,31.4968972331,48,control1,100,84,"57,60","43,10",4,831,41,"5,52",33,9,"3,10",00:53:30,"24,70",,"62,70","1,00"
108,29.9881048378,31.499198424,48,control1,100,84,"55,70","77,60",4,984,69,"14,86",32,22,"3,90",00:53:34,"32,50",,"59,60","1,00"
109,29.9880083784,31.5014996149,48,control1,100,84,"56,50","29,40",4,1336,56,"12,26",32,,"4,70",00:53:38,"31,00",MIL is OFF0 codes,"63,50","1,00"
110,29.9879119189,31.5038008057,48,control1,100,84,"56,90","62,00",4,1515,35,"13,87",32,32,"-7,00",00:53:42,"31,00",MIL is OFF0 codes,"67,10","1,00"
111,29.9878154595,31.5061019966,47,control1,100,85,"56,90","80,00",4,1083,56,"12,14",32,35,"3,10",00:53:46,"30,60",MIL is OFF0 codes,"60,00","1,00"
112,29.987719,31.5084031875,48,control1,100,85,"57,30","64,30",4,1187,49,"11,01",32,36,"0,00",00:53:50,"29,40",MIL is OFF0 codes,"63,90","1,00"
113,29.9876225405,31.5107043784,48,control1,100,85,"57,30","51,40",4,1226,18,"8,4",32,34,"4,70",00:53:54,"27,10",MIL is OFF0 codes,"65,10","1,00"
114,29.9875260811,31.5130055693,48,control1,100,85,"56,90","41,20",4,1100,40,"7,47",32,34,"0,00",00:53:58,"26,30",MIL is OFF0 codes,"68,20","1,00"
115,29.9874296216,31.5153067601,47,control1,100,85,"56,90","45,50",4,1155,38,"7,73",32,36,"6,20",00:54:02,"26,30",MIL is OFF0 codes,"65,50","1,00"
116,29.9873331622,31.517607951,45,control1,100,85,"56,90","45,50",4,1244,20,"7,96",32,37,"0,00",00:54:06,"26,70",MIL is OFF0 codes,"66,30","1,00"
117,29.9872367027,31.5199091419,45,control1,100,85,"56,90","37,30",4,1243,31,"6,62",32,38,"8,60",00:54:10,"25,10",MIL is OFF0 codes,"68,60","1,00"
118,29.9871402432,31.5222103328,46,control1,100,84,"56,50","15,30",4,1252,35,"3,14",32,38,"7,00",00:54:14,"19,60",MIL is OFF0 codes,"67,80","1,00"
119,29.9870437838,31.5245115236,45,control1,100,84,"56,50","39,60",4,1307,26,"7,71",32,40,"-0,80",00:54:18,"26,30",MIL is OFF0 codes,"68,20","1,00"
120,29.9869473243,31.5268127145,45,control1,100,84,"56,50","18,00",4,1309,19,"3,4",32,37,"12,50",00:54:22,"20,40",MIL is OFF0 codes,"60,80","1,00"
121,29.9868508649,31.5291139054,45,control1,100,83,"56,10","19,20",4,1176,20,"3,45",33,,"6,20",00:54:26,"19,60",MIL is OFF0 codes,"59,20","1,00"
122,29.9867544054,31.5314150963,44,control1,100,83,"56,10","36,10",4,836,19,4,33,31,"6,20",00:54:30,"19,20",MIL is OFF0 codes,"51,40","1,00"
123,29.9866579459,31.5337162872,43,control1,100,83,"56,10","18,00",4,1300,19,"3,5",33,24,"7,00",00:54:34,"20,40",MIL is OFF0 codes,"62,70","1,00"
124,29.9865614865,31.536017478,43,control1,100,83,"55,70","20,80",4,1160,48,"3,42",33,24,"1,60",00:54:38,"19,60",MIL is OFF0 codes,"58,40","1,00"
125,29.986465027,31.5383186689,45,control1,100,82,"55,70","53,70",4,1255,41,"9,93",33,29,"1,60",00:54:42,"28,60",MIL is OFF0 codes,"62,00","1,00"
126,29.9863685676,31.5406198598,43,control1,100,82,"55,30","49,00",4,929,45,"6,59",32,35,"-1,60",00:55:05,"25,10",MIL is OFF0 codes,"60,40","1,00"
127,29.9862721081,31.5429210507,41,control1,100,83,"55,30","49,80",4,956,32,"6,76",33,,"-2,30",00:55:09,"25,50",MIL is OFF0 codes,"60,00","1,00"
128,29.9861756486,31.5452222416,41,control1,100,83,"55,30","23,90",4,933,27,"1,98",33,31,"0,80",00:55:13,"17,60",MIL is OFF0 codes,"56,10","1,00"
129,29.9860791892,31.5475234324,40,control1,100,83,"54,90","47,50",4,1189,53,"11,04",32,34,"-3,10",00:55:17,"30,60",MIL is OFF0 codes,"63,50","1,00"
130,29.9859827297,31.5498246233,40,control1,100,83,"55,30","62,70",4,1778,53,"16,6",32,41,"-7,80",00:55:21,"32,20",MIL is OFF0 codes,"68,60","1,00"
131,29.9858862703,31.5521258142,37,control1,100,82,"56,10","61,20",4,2078,21,"19,28",32,,"0,00",00:55:25,"32,90",MIL is OFF0 codes,"69,00","1,00"
132,29.9857898108,31.5544270051,38,control1,100,82,"56,10","21,20",4,1135,39,"3,34",33,39,"3,10",00:55:29,"18,80",MIL is OFF0 codes,"57,60","1,00"
133,29.9856933514,31.5567281959,38,control1,100,82,"56,10","45,50",4,1096,22,"7,05",33,38,"7,80",00:55:33,"25,90",MIL is OFF0 codes,"65,10","1,00"
134,29.9855968919,31.5590293868,38,control1,100,82,"56,10","18,80",4,1025,30,"2,94",33,37,"7,80",00:55:37,"18,80",MIL is OFF0 codes,"62,40","1,00"
135,29.9855004324,31.5613305777,37,control1,100,82,"56,10","46,30",4,1185,38,"8,25",32,36,"0,00",00:55:41,"27,10",MIL is OFF0 codes,"65,90","1,00"
136,29.985403973,31.5636317686,34,control1,100,83,"56,10","46,30",4,1199,39,"8,38",32,36,"4,70",00:55:45,"26,70",MIL is OFF0 codes,"65,90","1,00"
137,29.9853075135,31.5659329595,35,control1,100,83,"56,10","40,80",4,1229,18,"7,09",32,35,"1,60",00:55:49,"25,50",MIL is OFF0 codes,"67,10","1,00"
138,29.9852110541,31.5682341503,34,control1,100,83,"55,70","20,40",4,1137,31,"3,23",33,32,"3,10",00:55:53,"18,80",MIL is OFF0 codes,"60,80","1,00"
139,29.9851145946,31.5705353412,36,control1,100,83,"55,30","19,20",4,1540,28,"4,03",33,29,"10,90",00:55:57,"21,60",MIL is OFF0 codes,"62,00","1,00"
140,29.9850181351,31.5728365321,35,control1,100,82,"54,90","40,40",4,1431,34,"8,37",32,31,"7,00",00:56:01,"26,70",MIL is OFF0 codes,"70,60","1,00"
141,29.9849216757,31.575137723,34,control1,100,82,"55,30","41,60",4,1543,23,"9,46",32,32,"-3,90",00:56:05,"27,80",MIL is OFF0 codes,"71,00","1,00"
142,29.9848252162,31.5774389139,35,control1,100,82,"55,30","41,20",4,1074,51,"7,24",32,34,"1,60",00:56:09,"25,90",MIL is OFF0 codes,"67,80","1,00"
143,29.9847287568,31.5797401047,36,control1,100,83,"55,70","47,80",4,1419,27,"9,8",32,42,"6,20",00:56:37,"28,20",MIL is OFF0 codes,"68,60","1,00"
144,29.9846322973,31.5820412956,36,control1,100,82,"55,70","17,30",4,1380,21,"3,48",32,39,"14,10",00:56:41,"20,40",MIL is OFF0 codes,"66,30","1,00"
145,29.9845358378,31.5843424865,36,control1,100,82,"55,70","19,20",4,1244,34,"3,65",32,35,"21,10",00:56:45,"20,00",MIL is OFF0 codes,"60,00","1,00"
146,29.9844393784,31.5866436774,35,control1,100,82,"55,30","44,70",4,1760,29,"11,36",32,36,"10,90",00:56:49,"29,00",MIL is OFF0 codes,"71,40","1,00"
147,29.9843429189,31.5889448682,35,control1,100,82,"55,30","29,00",4,1764,29,"7,4",32,,"7,00",00:56:53,"26,30",MIL is OFF0 codes,"74,90","1,00"
148,29.9842464595,31.5912460591,34,control1,100,82,"55,70","32,90",4,1751,29,"8,54",32,36,"-0,80",00:56:57,"27,50",MIL is OFF0 codes,"73,70","1,00"
149,29.98415,31.59354725,33,control1,100,82,"55,70","19,60",4,1183,36,"3,5",32,34,"-1,60",00:57:14,"18,80",MIL is OFF0 codes,"60,40","1,00"
150,29.9840535405,31.5958484409,31,control1,100,83,"55,70","39,60",4,1139,35,"6,79",32,35,"-2,30",00:57:18,"25,10",MIL is OFF0 codes,"66,30","1,00"
151,29.9839570811,31.5981496318,30,control1,100,83,"55,70","41,60",4,1174,35,"6,97",32,36,"3,10",00:57:22,"25,50",MIL is OFF0 codes,"66,30","1,00"
152,29.9838606216,31.6004508226,30,control1,100,82,"55,70","40,80",4,1238,35,"7,31",32,37,"3,10",00:57:30,"25,90",MIL is OFF0 codes,"67,10","1,00"
153,29.9837641622,31.6027520135,30,control1,100,82,"54,10","36,90",4,797,33,"4,11",34,0,"-3,90",00:58:01,"20,40",MIL is OFF0 codes,"54,50","1,00"
154,29.9836677027,31.6050532044,30,control1,100,83,"54,10","35,70",4,807,32,"4,21",34,0,"-2,30",00:58:05,"20,40",MIL is OFF0 codes,"55,70","1,00"
155,29.9835712432,31.6073543953,30,control1,100,83,"54,10","42,00",4,781,56,"6,29",33,11,"1,60",00:58:09,"26,70",MIL is OFF0 codes,"53,30","1,00"
156,29.9834747838,31.6096555861,34,control1,100,83,"55,30","14,10",4,1330,57,"3,22",32,19,"-1,60",00:58:13,"23,10",MIL is OFF0 codes,"61,20","1,00"
157,29.9833783243,31.611956777,33,control1,100,82,"56,10","69,80",4,1867,55,"19,96",31,27,"-10,90",00:58:17,"32,50",MIL is OFF0 codes,"67,80","1,00"
158,29.9832818649,31.6142579679,33,control1,100,82,"56,50","60,40",4,1391,47,"12,29",31,32,"-3,10",00:58:21,"30,20",MIL is OFF0 codes,"66,70","1,00"
159,29.9831854054,31.6165591588,34,control1,100,82,"56,50","53,70",4,1609,43,"12,65",31,35,"-3,10",00:58:25,"30,20",MIL is OFF0 codes,"69,40","1,00"
160,29.9830889459,31.6188603497,37,control1,100,82,"56,50","54,10",4,1729,45,"13,44",31,,"-3,90",00:58:29,"30,60",MIL is OFF0 codes,"69,80","1,00"
161,29.9829924865,31.6211615405,36,control1,100,82,"56,90","55,70",4,1649,50,"13,38",31,34,"2,30",00:58:33,"30,60",MIL is OFF0 codes,"69,40","1,00"
162,29.982896027,31.6234627314,38,control1,100,83,"57,30","59,60",4,1537,54,"14,03",31,31,,00:58:37,"31,00",MIL is OFF0 codes,"68,20","1,00"
163,29.9827995676,31.6257639223,40,control1,,83,"57,60","63,50",4,1513,51,"14,14",31,,"-1,60",00:58:41,"31,00",MIL is OFF0 codes,"67,50","1,00"
164,29.9827031081,31.6280651132,42,control1,100,83,"57,60","62,40",4,1563,49,"14,13",31,31,"-2,30",00:58:45,"31,00",MIL is OFF0 codes,"67,80","1,00"
165,29.9826066486,31.6303663041,44,control1,100,83,"58,00","57,60",4,1632,45,"13,41",31,33,"-0,80",00:58:49,"30,60",MIL is OFF0 codes,"69,00","1,00"
166,29.9825101892,31.6326674949,46,control1,100,83,"58,00","54,50",4,1604,46,"12,71",31,32,"0,80",00:58:53,"30,60",MIL is OFF0 codes,"69,00","1,00"
167,29.9824137297,31.6349686858,45,control1,100,83,"58,00","54,10",4,1611,43,"12,83",31,33,"0,80",00:58:57,"30,20",MIL is OFF0 codes,"69,00","1,00"
168,29.9823172703,31.6372698767,46,control1,100,83,"58,40","50,60",4,1650,24,"12,31",31,35,"3,10",00:59:01,"30,20",MIL is OFF0 codes,"69,40","1,00"
169,29.9822208108,31.6395710676,48,control1,100,83,"58,00","21,60",4,1031,41,"2,77",31,33,"-1,60",00:59:05,"19,20",MIL is OFF0 codes,"60,00","1,00"
170,29.9821243514,31.6418722584,50,control1,100,83,"57,60","47,50",4,1099,28,"7,67",31,33,"4,70",00:59:09,"26,30",MIL is OFF0 codes,"65,10","1,00"
171,29.9820278919,31.6441734493,51,control1,100,83,"57,60","19,60",4,1068,21,"3,1",32,30,"-0,80",00:59:13,"18,80",MIL is OFF0 codes,"60,80","1,00"
172,29.9819314324,31.6464746402,51,control1,100,83,"57,30","24,70",4,803,20,"4,02",33,22,"10,20",00:59:17,"19,60",MIL is OFF0 codes,"67,80","1,00"
173,29.981834973,31.6487758311,50,control1,,83,"56,50","26,70",4,847,34,"3,3",33,12,"-4,70",00:59:21,"19,20",MIL is OFF0 codes,"66,30","1,00"
174,29.9817385135,31.651077022,49,control1,100,83,"55,70","38,40",4,777,32,"4,14",33,4,"3,90",00:59:25,"20,80",MIL is OFF0 codes,"56,10","1,00"
175,29.9816420541,31.6533782128,49,control1,,83,"55,30","37,30",4,782,33,"3,86",33,,"-4,70",00:59:29,"20,40",MIL is OFF0 codes,"60,80","1,00"
176,29.9815455946,31.6556794037,49,control1,100,83,"55,30","36,90",4,798,32,"4,15",33,0,"0,00",00:59:33,"20,40",MIL is OFF0 codes,"55,70","1,00"
177,29.9814491351,31.6579805946,48,control1,100,83,"55,30","23,90",4,1237,26,"3,5",32,24,"4,70",00:59:53,"19,20",MIL is OFF0 codes,"67,50","1,00"
178,29.9813526757,31.6602817855,47,control1,100,83,"54,90","37,60",4,789,33,"4,08",33,13,"-3,10",00:59:57,"20,40",MIL is OFF0 codes,"55,70","1,00"
179,29.9812562162,31.6625829764,47,control1,100,83,"54,50","31,40",4,1067,41,"6,47",32,,"-2,30",01:00:01,"25,90",MIL is OFF0 codes,"68,60","1,00"
180,29.9811597568,31.6648841672,49,control1,100,83,"54,90","49,80",4,1640,55,"8,84",32,18,"4,70",01:00:05,"22,70",MIL is OFF0 codes,"69,80","1,00"
181,29.9810632973,31.6671853581,48,control1,100,83,"54,90","63,90",4,1109,51,"10,38",31,26,"1,60",01:00:09,"29,00",MIL is OFF0 codes,"60,80","1,00"
182,29.9809668378,31.669486549,49,control1,100,83,"55,70","59,60",4,1346,32,"11,72",31,30,"-7,00",01:00:13,"29,80",MIL is OFF0 codes,"66,30","1,00"
183,29.9808703784,31.6717877399,49,control1,100,83,"56,10","37,30",4,1496,32,"8,36",31,,"-4,70",01:00:17,"26,70",MIL is OFF0 codes,"71,40","1,00"
184,29.9807739189,31.6740889307,49,control1,100,83,"56,10","37,60",4,1501,33,"8,27",31,30,"3,10",01:00:21,"26,70",MIL is OFF0 codes,"71,40","1,00"
185,29.9806774595,31.6763901216,48,control1,100,83,"56,50","39,20",4,1539,33,"9,01",31,31,"-2,30",01:00:25,"27,50",MIL is OFF0 codes,"71,40","1,00"
186,29.980581,31.6786913125,50,control1,100,83,"56,50","43,10",4,1526,38,"9,67",31,30,"-2,30",01:00:29,"28,20",MIL is OFF0 codes,"70,60","1,00"
187,29.9804845405,31.6809925034,50,control1,100,83,"56,50","50,20",4,1469,43,"10,95",31,29,"1,60",01:00:33,"29,40",MIL is OFF0 codes,"68,60","1,00"
188,29.9803880811,31.6832936943,51,control1,100,83,"56,90","48,60",4,1451,42,"10,25",31,29,"-3,90",01:00:37,"28,60",MIL is OFF0 codes,"68,60","1,00"
189,29.9802916216,31.6855948851,51,control1,100,83,"56,90","20,80",4,1424,20,"3,17",31,25,"3,90",01:00:41,"20,00",MIL is OFF0 codes,"71,40","1,00"
190,29.9801951622,31.687896076,52,control1,100,83,"56,90","19,20",4,1209,33,"3,7",32,18,"4,70",01:00:45,"19,60",MIL is OFF0 codes,"59,60","1,00"
191,29.9800987027,31.6901972669,52,control1,100,83,"55,70","40,40",4,813,51,"4,23",32,,"7,00",01:00:49,"20,40",MIL is OFF0 codes,"54,90","1,00"
192,29.9800022432,31.6924984578,51,control1,100,83,"55,70","56,10",4,1207,20,"9,02",32,26,"7,00",01:00:53,"27,10",MIL is OFF0 codes,"62,00","1,00"
193,29.9799057838,31.6947996486,52,control1,100,83,"55,70","18,00",4,1253,32,"3,27",32,27,"18,80",01:00:57,"20,00",MIL is OFF0 codes,"62,40","1,00"
194,29.9798093243,31.6971008395,53,control1,100,83,"55,70","32,50",4,1373,25,"6,82",32,31,"4,70",01:01:01,"25,10",MIL is OFF0 codes,"70,60","1,00"
195,29.9797128649,31.6994020304,53,control1,100,83,"55,70","15,30",4,1570,20,4,32,33,"11,70",01:01:05,"22,00",MIL is OFF0 codes,"67,80","1,00"
196,29.9796164054,31.7017032213,52,control1,100,83,"55,70","24,70",4,1125,20,"3,52",32,34,"4,70",01:01:09,"19,60",MIL is OFF0 codes,"56,10","1,00"
197,29.9795199459,31.7040044122,48,control1,100,83,"55,70","20,80",4,1162,20,"3,45",32,35,"-1,60",01:01:14,"19,60",MIL is OFF0 codes,"57,60","1,00"
198,29.9794234865,31.706305603,46,control1,100,82,"55,30","21,20",4,1113,21,"3,58",33,32,"3,10",01:01:24,"19,20",MIL is OFF0 codes,"56,90","1,00"
199,29.979327027,31.7086067939,44,control1,100,82,"55,30","20,00",4,1067,21,"3,27",33,31,"3,10",01:01:28,"18,80",MIL is OFF0 codes,"59,20","1,00"
200,29.9792305676,31.7109079848,42,control1,100,82,"55,30","19,60",4,1040,22,"3,05",33,31,"3,90",01:01:32,"18,80",MIL is OFF0 codes,"62,70","1,00"
201,29.9791341081,31.7132091757,42,control1,100,82,"54,90","21,60",4,1058,20,"3,16",33,33,"3,10",01:01:36,"18,80",MIL is OFF0 codes,"58,00","1,00"
202,29.9790376486,31.7155103666,40,control1,100,82,"54,90","23,10",4,1086,22,"3,55",33,32,"1,60",01:01:40,"19,20",MIL is OFF0 codes,"56,50","1,00"
203,29.9789411892,31.7178115574,39,control1,100,82,"54,90","22,40",4,1081,23,"3,29",33,31,"-2,30",01:01:44,"19,20",MIL is OFF0 codes,"56,90","1,00"
204,29.9788447297,31.7201127483,39,control1,100,82,"54,90","36,50",4,1527,31,"8,17",32,31,"6,20",01:01:48,"26,70",MIL is OFF0 codes,"72,20","1,00"
205,29.9787482703,31.7224139392,38,control1,100,82,"54,90","36,90",4,1538,37,"8,46",31,30,"-7,00",01:01:52,"27,10",MIL is OFF0 codes,"72,20","1,00"
206,29.9786518108,31.7247151301,37,control1,100,82,"55,30","45,10",4,1484,39,"9,82",31,30,"-7,80",01:01:56,"28,20",MIL is OFF0 codes,"69,80","1,00"
207,29.9785553514,31.7270163209,35,control1,100,82,"55,30","48,20",4,1479,40,"10,4",31,30,"-2,30",01:02:00,"29,00",MIL is OFF0 codes,"69,00","1,00"
208,29.9784588919,31.7293175118,34,control1,100,82,"55,70","47,10",4,1518,30,"10,56",31,31,"0,00",01:02:04,"29,00",MIL is OFF0 codes,"69,40","1,00"
209,29.9783624324,31.7316187027,33,control1,100,82,"55,70","20,40",4,998,36,"1,98",32,29,"-2,30",01:02:08,"18,80",MIL is OFF0 codes,"62,40","1,00"
210,29.978265973,31.7339198936,35,control1,100,82,"55,70","41,20",4,950,25,"3,9",32,26,"-0,80",01:02:12,"17,60",MIL is OFF0 codes,"61,20","1,00"
211,29.9781695135,31.7362210845,34,control1,100,83,"55,70","40,80",4,771,22,"4,26",33,20,"3,10",01:02:17,"19,60",MIL is OFF0 codes,"55,30","1,00"
212,29.9780730541,31.7385222753,34,control1,100,83,"55,30","22,40",4,928,29,"3,21",33,15,"3,10",01:02:21,"19,20",MIL is OFF0 codes,"67,80","1,00"
213,29.9779765946,31.7408234662,33,control1,100,83,"55,30","37,60",4,720,34,"4,36",33,11,"-2,30",01:02:25,"21,60",MIL is OFF0 codes,"51,00","1,00"
214,29.9778801351,31.7431246571,34,control1,100,83,"55,30","40,40",4,789,33,"4,69",33,6,"1,60",01:02:29,"20,80",MIL is OFF0 codes,"52,50","1,00"
215,29.9777836757,31.745425848,34,control1,100,83,"54,90","34,50",4,810,31,"3,83",33,3,"0,00",01:02:33,"20,00",MIL is OFF0 codes,"57,30","1,00"
216,29.9776872162,31.7477270389,34,control1,100,83,"54,90","38,80",4,793,33,"4,06",33,1,"0,80",01:02:37,"20,40",MIL is OFF0 codes,"58,40","1,00"
217,29.9775907568,31.7500282297,34,control1,100,83,"54,90","38,40",4,798,33,"4,3",33,0,"-2,30",01:02:41,"20,40",MIL is OFF0 codes,"55,30","1,00"
218,29.9774942973,31.7523294206,36,control1,100,83,"54,90","36,90",4,805,31,"4,34",33,0,"-2,30",01:02:45,"20,40",MIL is OFF0 codes,"57,30","1,00"
219,29.9773978378,31.7546306115,36,control1,100,83,"55,30","36,90",4,809,31,"3,94",33,0,"2,30",01:02:49,"20,40",MIL is OFF0 codes,"56,50","1,00"
220,29.9773013784,31.7569318024,36,control1,100,83,"55,30","36,50",4,801,32,"4,27",33,0,"2,30",01:02:53,"20,40",MIL is OFF0 codes,,"1,00"
221,29.9772049189,31.7592329932,36,control1,100,83,"55,30","38,00",4,804,31,"4,29",33,0,"2,30",01:02:57,"20,40",MIL is OFF0 codes,"56,10","1,00"
222,29.9771084595,31.7615341841,36,control1,100,83,"55,30","35,70",4,810,31,"3,83",,0,"3,90",01:03:01,"20,00",MIL is OFF0 codes,"56,90","1,00"
223,29.977012,31.763835375,36,control1,100,83,"55,70","37,30",4,779,31,"4,26",33,0,"3,90",01:03:05,"20,40",,"55,70","1,00"
224,29.9769155405,31.7661365659,36,control1,100,83,"55,70","40,40",4,786,38,"4,31",33,0,"2,30",01:03:09,"20,40",,"57,60","1,00"
225,29.9768190811,31.7684377568,36,control1,100,84,"55,70","79,60",4,723,48,"7,95",32,13,"0,80",01:03:13,"28,60",,"50,60","1,00"
226,29.9767226216,31.7707389476,36,control1,100,84,"56,90","55,30",4,1196,56,"12,74",31,23,"3,90",01:03:17,"30,60",MIL is OFF0 codes,"73,30","1,00"
227,29.9766261622,31.7730401385,37,control1,100,84,"57,60","22,70",4,1796,55,4,31,,"8,60",01:03:21,"21,60",MIL is OFF0 codes,"70,60","1,00"
228,29.9765297027,31.7753413294,37,control1,100,84,"57,30","66,70",4,1330,52,"13,04",31,31,"0,00",01:03:25,"30,60",MIL is OFF0 codes,"65,10","1,00"
229,29.9764332432,31.7776425203,38,control1,100,85,"57,60","62,40",4,1577,28,"14,22",31,,"0,00",01:03:29,"31,00",MIL is OFF0 codes,"67,80","1,00"
230,29.9763367838,31.7799437111,39,control1,100,85,"57,60","51,80",4,1108,43,"8,4",31,33,"7,00",01:03:33,"27,10",MIL is OFF0 codes,"64,70","1,00"
231,29.9762403243,31.782244902,40,control1,100,85,"57,60","51,00",4,1111,44,"8,21",31,33,"7,00",01:03:37,"26,70",MIL is OFF0 codes,"64,70","1,00"
232,29.9761438649,31.7845460929,40,control1,100,86,"57,30","50,60",4,1122,45,"8,39",31,34,"1,60",01:03:41,"27,10",MIL is OFF0 codes,"64,70","1,00"
233,29.9760474054,31.7868472838,41,control1,100,86,"57,30","54,50",4,1122,45,"8,88",31,34,"6,20",01:03:45,"27,50",MIL is OFF0 codes,"64,30","1,00"
234,29.9759509459,31.7891484747,40,control1,100,86,"57,30","52,20",4,1144,45,"8,78",31,35,"0,00",01:03:49,"27,50",MIL is OFF0 codes,"64,70","1,00"
235,29.9758544865,31.7914496655,41,control1,100,86,"57,30","51,80",4,1210,44,"8,97",31,37,"-0,80",01:03:53,"27,50",MIL is OFF0 codes,"65,10","1,00"
236,29.975758027,31.7937508564,41,control1,100,85,"57,30","49,80",4,1256,43,"9,31",31,39,"4,70",01:03:57,"27,80",MIL is OFF0 codes,"65,90","1,00"
237,29.9756615676,31.7960520473,41,control1,100,85,"57,30","51,00",4,1296,42,"9,48",31,39,"3,10",01:04:01,"28,20",MIL is OFF0 codes,"66,70","1,00"
238,29.9755651081,31.7983532382,39,control1,100,85,"57,30","50,60",4,1293,37,"9,54",31,36,"3,10",01:04:05,"28,20",MIL is OFF0 codes,"66,70","1,00"
239,29.9754686486,31.8006544291,41,control1,100,85,"57,30","46,70",4,1766,45,"12,1",31,34,"0,80",01:04:09,"29,80",MIL is OFF0 codes,"71,40","1,00"
240,29.9753721892,31.8029556199,42,control1,100,84,"57,30","53,70",4,1666,46,"13,35",31,32,"-7,00",01:04:13,"30,60",MIL is OFF0 codes,"69,40","1,00"
241,29.9752757297,31.8052568108,43,control1,100,84,"57,60","54,90",4,1611,46,"13,08",31,,"-0,80",01:04:17,"30,60",MIL is OFF0 codes,"69,00","1,00"
242,29.9751792703,31.8075580017,43,control1,100,84,"57,60","55,30",4,1683,43,"13,76",30,37,,01:04:21,"30,60",MIL is OFF0 codes,"69,40","1,00"
243,29.9750828108,31.8098591926,45,control1,100,84,"57,60","15,70",4,1446,40,"3,26",31,,"0,00",01:04:25,"20,80",MIL is OFF0 codes,"64,30","1,00"
244,29.9749863514,31.8121603834,45,control1,100,84,"57,60","47,50",4,1236,39,"8,44",31,38,"7,00",01:04:29,"27,10",MIL is OFF0 codes,"65,90","1,00"
245,29.9748898919,31.8144615743,46,control1,100,84,"57,60","47,80",4,1268,41,"8,71",31,38,"1,60",01:04:33,"27,50",MIL is OFF0 codes,"66,30","1,00"
246,29.9747934324,31.8167627652,47,control1,100,84,"57,60","45,90",4,1296,20,"8,84",31,39,"0,00",01:04:37,"27,50",MIL is OFF0 codes,"67,10","1,00"
247,29.974696973,31.8190639561,49,control1,100,84,"57,30","18,40",4,1271,36,"3,51",31,,"15,60",01:04:41,"20,00",MIL is OFF0 codes,"61,20","1,00"
248,29.9746005135,31.821365147,50,control1,100,84,"56,90","44,70",4,1219,38,"7,75",31,37,"0,00",01:04:45,"26,30",MIL is OFF0 codes,"66,30","1,00"
249,29.9745040541,31.8236663378,48,control1,100,84,"56,90","49,80",4,1256,43,"9,27",31,,"6,20",01:04:49,"27,80",MIL is OFF0 codes,"65,90","1,00"
250,29.9744075946,31.8259675287,46,control1,100,84,"56,90","52,20",4,1325,21,"9,87",31,40,"4,70",01:04:54,"28,60",MIL is OFF0 codes,"66,70","1,00"
251,29.9743111351,31.8282687196,47,control1,100,84,"56,50","18,00",4,1304,21,"3,3",32,37,"11,70",01:04:57,"19,20",MIL is OFF0 codes,"62,70","1,00"
252,29.9742146757,31.8305699105,50,control1,100,84,"56,50","20,00",4,1209,35,"3,43",31,36,"13,30",01:05:02,"20,00",MIL is OFF0 codes,"58,80","1,00"
253,29.9741182162,31.8328711014,50,control1,100,84,"56,10","38,80",4,1234,31,"4,79",31,38,"-0,80",01:05:06,"20,00",MIL is OFF0 codes,"67,50","1,00"
254,29.9740217568,31.8351722922,47,control1,100,83,"56,10","27,10",4,1269,19,5,31,38,"3,90",01:05:10,"22,40",MIL is OFF0 codes,"70,20","1,00"
255,29.9739252973,31.8374734831,47,control1,100,83,"55,70","18,00",4,1270,25,"3,48",31,39,"14,10",01:05:14,"20,40",MIL is OFF0 codes,"61,20","1,00"
256,29.9738288378,31.839774674,49,control1,100,83,"55,70","28,60",4,1295,33,"5,43",31,38,"-0,80",01:05:18,"23,10",MIL is OFF0 codes,"70,60","1,00"
257,29.9737323784,31.8420758649,44,control1,100,82,"55,70","38,80",4,1278,35,"7,43",31,36,"-4,70",01:05:22,"25,50",MIL is OFF0 codes,"67,80","1,00"
258,29.9736359189,31.8443770557,45,control1,100,82,"56,10","59,60",4,1610,46,"14,06",31,34,"-7,00",01:05:34,"30,60",MIL is OFF0 codes,"67,50","1,00"
259,29.9735394595,31.8466782466,46,control1,100,82,"56,90","48,60",4,1734,19,"12,66",31,37,"-7,00",01:05:38,"30,20",MIL is OFF0 codes,"70,20","1,00"
260,29.973443,31.8489794375,45,control1,100,82,"56,90","20,40",4,1848,18,"5,51",31,38,"3,90",01:05:42,"23,50",MIL is OFF0 codes,"76,50","1,00"
261,29.9733465405,31.8512806284,38,control1,100,82,"56,50","17,60",4,1849,19,"4,93",31,36,"0,00",01:05:46,"22,70",MIL is OFF0 codes,"63,50","1,00"
262,29.9732500811,31.8535818193,36,control1,100,82,"56,10","18,00",4,1758,18,"4,72",31,34,"0,00",01:05:50,"22,40",MIL is OFF0 codes,"63,10","1,00"
263,29.9731536216,31.8558830101,36,control1,100,82,"55,70","18,00",4,1628,20,"4,41",31,31,"0,00",01:05:54,"22,00",MIL is OFF0 codes,"63,10",
264,29.9730571622,31.858184201,36,control1,100,82,"55,70","27,10",4,1523,23,"5,93",31,32,"12,50",01:05:58,"24,30",MIL is OFF0 codes,"73,70","1,00"
265,29.9729607027,31.8604853919,35,control1,100,82,"55,70","26,30",4,1578,23,"6,23",31,32,"6,20",01:06:02,"24,30",MIL is OFF0 codes,"74,50","1,00"
266,29.9728642432,31.8627865828,35,control1,100,82,"55,30","25,90",4,1608,23,"6,37",31,33,"1,60",01:06:06,"24,70",MIL is OFF0 codes,"74,50","1,00"
267,29.9727677838,31.8650877736,35,control1,100,82,"55,30","26,30",4,1650,25,"6,48",31,33,"1,60",01:06:10,"25,10",MIL is OFF0 codes,"74,50","1,00"
268,29.9726713243,31.8673889645,32,control1,100,82,"55,30","17,60",4,1621,19,"4,39",31,29,"0,00",01:06:14,"21,60",MIL is OFF0 codes,"63,10","1,00"
269,29.9725748649,31.8696901554,34,control1,100,82,"55,30","18,80",4,1421,21,"3,92",31,24,"0,00",01:06:18,"21,20",MIL is OFF0 codes,"61,20","1,00"
270,29.9724784054,31.8719913463,35,control1,100,82,"54,50","21,60",4,1169,37,"3,6",32,15,"0,00",01:06:22,"19,60",MIL is OFF0 codes,"57,60","1,00"
271,29.9723819459,31.8742925372,36,control1,100,82,"52,50","38,80",4,801,47,"4,23",32,10,"-3,90",01:06:26,"20,40",MIL is OFF0 codes,"54,50","1,00"
272,29.9722854865,31.876593728,35,control1,100,82,"52,90","18,00",4,1455,52,"2,88",31,,"7,00",01:06:30,"18,80",MIL is OFF0 codes,"73,30","1,00"
273,29.972189027,31.8788949189,38,control1,100,82,"53,70","58,80",4,1316,27,"11,41",31,16,"0,00",01:06:34,"29,80",MIL is OFF0 codes,"65,50","1,00"
274,29.9720925676,31.8811961098,36,control1,100,83,"54,50","83,10",4,1095,61,"12,97",31,28,"-8,60",01:06:41,"31,00",MIL is OFF0 codes,"58,00","1,00"
275,29.9719961081,31.8834973007,36,control1,100,83,"56,90","54,50",4,1157,47,"9,12",31,34,"-1,60",01:07:05,"27,50",MIL is OFF0 codes,"64,70","1,00"
276,29.9718996486,31.8857984916,37,control1,100,83,"56,90","55,70",4,1110,53,"8,81",,32,"3,90",01:07:09,"27,50",MIL is OFF0 codes,"64,30","1,00"
277,29.9718031892,31.8880996824,38,control1,100,83,"56,90","66,30",4,1074,59,"10,22",31,,"4,70",01:07:13,"29,00",,"62,70","1,00"
278,29.9717067297,31.8904008733,40,control1,100,83,"57,30","69,00",4,1059,61,"10,39",31,31,"-1,60",01:07:17,"29,00",MIL is OFF0 codes,"62,00","1,00"
279,29.9716102703,31.8927020642,41,control1,100,83,"57,30","69,80",4,1021,59,"10,47",31,31,"-1,60",01:07:21,"29,00",MIL is OFF0 codes,"61,20","1,00"
280,29.9715138108,31.8950032551,43,control1,100,83,"57,30","66,30",4,1137,47,"11,08",31,39,"-1,60",01:07:25,"29,40",MIL is OFF0 codes,"63,10","1,00"
281,29.9714173514,31.8973044459,44,control1,100,83,"57,30","15,30",4,1304,20,"3,03",31,39,"10,20",01:07:29,"20,00",MIL is OFF0 codes,"68,20","1,00"
282,29.9713208919,31.8996056368,43,control1,100,83,"56,90","19,60",4,1301,21,"3,62",31,39,"12,50",01:07:33,"20,40",MIL is OFF0 codes,"61,20","1,00"
283,29.9712244324,31.9019068277,43,control1,100,83,"56,50","19,20",4,1284,20,"3,52",31,37,"11,70",01:07:37,"20,40",,"60,40","1,00"
284,29.971127973,31.9042080186,42,control1,100,83,"56,50","40,80",4,1213,34,"7,34",31,35,"6,20",01:07:41,"25,90",MIL is OFF0 codes,"67,50","1,00"
285,29.9710315135,31.9065092095,44,control1,100,82,"56,10","40,00",4,1160,23,"6,73",31,31,"4,70",01:07:45,"25,10",MIL is OFF0 codes,"66,70","1,00"
286,29.9709350541,31.9088104003,46,control1,100,82,"56,10","46,70",4,1512,51,"11,02",31,30,"6,20",01:07:49,"29,40",MIL is OFF0 codes,"67,10","1,00"
287,29.9708385946,31.9111115912,46,control1,100,82,"56,10","59,20",4,1528,48,"13,38",30,33,"-4,70",01:07:53,"30,60",MIL is OFF0 codes,"68,20","1,00"
288,29.9707421351,31.9134127821,46,control1,100,83,"56,50","58,00",4,1687,45,"14,29",30,36,"-5,50",01:07:57,"31,00",MIL is OFF0 codes,"69,00","1,00"
289,29.9706456757,31.915713973,47,control1,100,83,"56,90","28,20",4,1777,32,"4,82",31,35,"7,80",01:08:01,"21,60",MIL is OFF0 codes,"71,40","1,00"
290,29.9705492162,31.9180151639,47,control1,100,83,"56,50","40,40",4,1153,35,"6,72",31,34,"6,20",01:08:05,"25,10",MIL is OFF0 codes,"66,30","1,00"
291,29.9704527568,31.9203163547,47,control1,100,83,"56,50","40,40",4,1127,34,"6,45",31,33,"6,20",01:08:09,"24,70",MIL is OFF0 codes,"66,30","1,00"
292,29.9703562973,31.9226175456,47,control1,100,83,"56,10","40,40",4,1103,37,"6,42",31,32,"4,70",01:08:13,"24,30",MIL is OFF0 codes,"65,90","1,00"
293,29.9702598378,31.9249187365,47,control1,100,83,"56,10","41,60",4,1089,35,"6,52",31,,"3,90",01:08:17,"24,30",MIL is OFF0 codes,"65,90","1,00"
294,29.9701633784,31.9272199274,45,control1,100,83,"55,70","37,60",4,1452,28,"7,69",31,,"0,80",01:08:49,"26,30",MIL is OFF0 codes,"70,20","1,00"
295,29.9700669189,31.9295211182,42,control1,100,83,"55,70","17,60",4,1040,20,"2,76",32,33,"3,10",01:08:53,"18,80",MIL is OFF0 codes,"55,70","1,00"
296,29.9699704595,31.9318223091,43,control1,100,83,"55,30","22,70",4,1140,21,"3,71",32,36,"0,00",01:08:57,"19,20",MIL is OFF0 codes,"56,10","1,00"
297,29.969874,31.9341235,42,control1,100,83,"55,30","18,80",4,1214,21,"3,37",32,37,"14,80",01:09:01,"20,00",MIL is OFF0 codes,"59,20","1,00"
298,29.9697775405,31.9364246909,40,control1,100,83,"55,30","19,60",4,1248,20,"3,57",32,36,"7,00",01:09:05,"20,40",MIL is OFF0 codes,"59,60","1,00"
299,29.9696810811,31.9387258818,39,control1,100,83,"55,30","20,00",4,1179,20,"3,49",32,32,"6,20",01:09:09,"20,00",MIL is OFF0 codes,"57,60","1,00"
300,29.9695846216,31.9410270726,37,control1,100,83,"55,30","22,40",4,1055,22,"3,19",32,,"7,00",01:09:13,"18,80",MIL is OFF0 codes,"57,30","1,00"
301,29.9694881622,31.9433282635,37,control1,100,83,"54,90","21,20",4,936,28,"2,89",33,26,"-1,60",01:09:17,"18,80",MIL is OFF0 codes,"67,50","1,00"
302,29.9693917027,31.9456294544,39,control1,100,83,"54,90","37,30",4,816,37,"4,58",32,25,"3,10",01:09:21,"22,70",MIL is OFF0 codes,"52,90","1,00"
303,29.9692952432,31.9479306453,39,control1,100,83,"54,90","42,40",4,1277,34,"7,78",31,28,"-3,90",01:09:25,"26,30",MIL is OFF0 codes,"67,50","1,00"
304,29.9691987838,31.9502318361,38,control1,100,83,"55,30","40,40",4,1422,33,"8,3",31,32,"-0,80",01:09:29,"26,70",MIL is OFF0 codes,"69,80","1,00"
305,29.9691023243,31.952533027,38,control1,100,83,"55,30","36,90",4,1626,22,"8,89",31,32,"3,10",01:09:33,"27,50",MIL is OFF0 codes,"72,50","1,00"
306,29.9690058649,31.9548342179,38,control1,100,82,"55,30","36,10",4,1070,30,"5,24",31,33,"-1,60",01:09:37,"23,10",MIL is OFF0 codes,"66,70","1,00"
307,29.9689094054,31.9571354088,37,control1,100,82,"54,90","33,30",4,1102,30,"5,41",31,33,"3,90",01:09:41,"23,10",MIL is OFF0 codes,"67,10","1,00"
308,29.9688129459,31.9594365997,36,control1,100,82,"54,90","31,40",4,1124,22,"5,17",31,33,"-0,80",01:09:45,"22,70",MIL is OFF0 codes,"67,80","1,00"
309,29.9687164865,31.9617377905,36,control1,100,83,"54,90","23,50",4,1124,20,"3,76",32,33,"-0,80",01:09:49,"19,60",MIL is OFF0 codes,"69,40","1,00"
310,29.968620027,31.9640389814,37,control1,100,83,"54,90","22,70",4,1070,23,"3,42",32,31,"-8,60",01:09:53,"19,20",,"69,00","1,00"
311,29.9685235676,31.9663401723,37,control1,100,83,"54,90","27,50",4,1035,24,"3,89",32,29,"-10,90",01:09:57,"19,60",MIL is OFF0 codes,"67,80","1,00"
312,29.9684271081,31.9686413632,38,control1,100,83,"54,90","32,90",4,983,29,"4,72",32,29,"-4,70",01:10:01,"21,60",,"66,30","1,00"
313,29.9683306486,31.9709425541,33,control1,100,83,"54,90","34,90",4,985,28,"4,77",32,,"-7,00",01:10:05,"21,60",MIL is OFF0 codes,"65,10","1,00"
314,29.9682341892,31.9732437449,35,control1,100,83,"54,90","33,30",4,972,36,"4,76",32,29,"4,70",01:10:09,"22,00",MIL is OFF0 codes,"65,90","1,00"
315,29.9681377297,31.9755449358,33,control1,100,83,"54,90","40,00",4,972,34,"5,64",32,29,"3,90",01:10:13,"23,10",MIL is OFF0 codes,"62,70","1,00"
316,29.9680412703,31.9778461267,33,control1,100,83,"54,90","30,60",4,969,23,"1,98",32,27,"4,70",01:10:17,"17,30",MIL is OFF0 codes,"58,00","1,00"
317,29.9679448108,31.9801473176,32,control1,100,83,"54,90","27,10",4,899,21,"3,42",33,22,"3,90",01:10:21,"19,20",MIL is OFF0 codes,"62,70","1,00"
318,29.9678483514,31.9824485084,34,control1,100,83,"54,50","20,00",4,901,21,"3,72",33,13,"-3,10",01:10:25,"18,80",MIL is OFF0 codes,"64,30","1,00"
319,29.9677518919,31.9847496993,37,control1,100,83,"54,10","21,20",4,1003,20,"2,88",33,13,"6,20",01:10:30,"18,80",MIL is OFF0 codes,"60,40","1,00"
320,29.9676554324,31.9870508902,36,control1,100,83,"53,30","34,10",4,819,38,"5,11",33,3,"6,20",01:10:33,"21,60",MIL is OFF0 codes,"67,50","1,00"
321,29.967558973,31.9893520811,37,control1,100,82,"52,50","62,70",4,851,24,"9,83",32,12,"0,00",01:10:37,"28,60",MIL is OFF0 codes,"52,90","1,00"
322,29.9674625135,31.991653272,35,control1,100,82,"52,90","48,60",4,1320,21,"9,61",32,22,"0,00",01:10:41,"28,20",MIL is OFF0 codes,"61,20",
323,29.9673660541,31.9939544628,33,control1,100,82,"52,90","30,20",4,1154,39,"5,58",31,25,"4,70",01:10:45,"24,70",MIL is OFF0 codes,"69,40","1,00"
324,29.9672695946,31.9962556537,32,control1,100,82,"52,90","53,30",4,1287,46,"10,26",31,,"-3,90",01:10:50,"29,00",MIL is OFF0 codes,"66,30","1,00"
325,29.9671731351,31.9985568446,32,control1,100,82,"53,70","53,70",4,1396,45,"10,87",31,28,"-5,50",01:10:54,"29,40",MIL is OFF0 codes,"67,80","1,00"
326,29.9670766757,32.0008580355,29,control1,100,82,"54,10","53,70",4,1439,46,"11,29",30,29,"-5,50",01:10:58,"29,40",MIL is OFF0 codes,"67,80","1,00"
327,29.9669802162,32.0031592264,32,control1,100,83,"55,30","62,70",4,1065,46,"8,41",31,30,"1,60",01:11:19,"27,10",MIL is OFF0 codes,"67,50","1,00"
328,29.9668837568,32.0054604172,33,control1,100,83,"55,30","54,10",4,1014,47,"7,87",31,29,"5,50",01:11:23,"26,70",MIL is OFF0 codes,"63,50","1,00"
329,29.9667872973,32.0077616081,33,control1,100,84,"55,30","63,10",4,982,41,"8,83",31,26,"-1,60",01:11:27,"27,50",MIL is OFF0 codes,"62,40","1,00"
330,29.9666908378,32.010062799,35,control1,100,84,"55,30","62,70",4,1308,52,"10,65",31,26,"-0,80",01:11:31,"29,40",MIL is OFF0 codes,"67,80","1,00"
331,29.9665943784,32.0123639899,35,control1,100,84,"56,10","60,40",4,1324,52,"11,7",30,27,"0,80",01:11:35,"29,80",MIL is OFF0 codes,"65,90","1,00"
332,29.9664979189,32.0146651807,35,control1,100,84,"56,50","60,00",4,1341,49,"11,61",30,27,"-5,50",01:11:39,"29,80",MIL is OFF0 codes,"66,30","1,00"
333,29.9664014595,32.0169663716,37,control1,100,84,"56,90","60,00",4,1361,50,"11,89",30,28,"0,00",01:11:43,"29,80",MIL is OFF0 codes,"66,70","1,00"
334,29.966305,32.0192675625,38,control1,100,84,"57,30","45,50",4,1403,19,"7,54",31,23,"3,90",01:11:47,"24,70",MIL is OFF0 codes,"68,20","1,00"
335,29.9662085405,32.0215687534,38,control1,100,84,"56,90","22,40",4,1064,35,"3,48",31,18,"3,10",01:11:51,"18,40",MIL is OFF0 codes,"60,80","1,00"
336,29.9661120811,32.0238699443,38,control1,100,84,"56,50","48,60",4,890,53,"5,92",31,18,"6,20",01:11:55,"24,30",MIL is OFF0 codes,"57,60","1,00"
337,29.9660156216,32.0261711351,40,control1,100,84,"56,50","60,40",4,928,40,"8,26",31,20,"4,70",01:11:59,"26,70",MIL is OFF0 codes,"59,60","1,00"
338,29.9659191622,32.028472326,40,control1,100,84,"56,50","20,80",4,940,38,"2,53",32,16,"4,70",01:12:03,"17,30",MIL is OFF0 codes,"54,90","1,00"
339,29.9658227027,32.0307735169,42,control1,100,85,"56,10","28,20",4,824,36,"2,94",32,15,"3,90",01:12:07,"17,60",MIL is OFF0 codes,"49,80","1,00"
340,29.9657262432,32.0330747078,41,control1,100,85,"56,10","43,90",4,795,36,"4,72",33,10,"-0,80",01:12:11,"22,00",MIL is OFF0 codes,"55,70","1,00"
341,29.9656297838,32.0353758986,42,control1,100,85,"55,30","37,30",4,777,37,"4,28",33,,"-4,70",01:12:15,"20,40",,"55,70","1,00"
342,29.9655333243,32.0376770895,42,control1,100,85,"54,90","42,40",4,808,32,"4,64",33,0,"0,80",01:12:19,"21,20",,"52,90","1,00"
343,29.9654368649,32.0399782804,42,control1,100,85,"54,50","37,60",4,807,32,"4,28",33,0,"0,00",01:12:23,"20,40",,"56,10","1,00"
344,29.9653404054,32.0422794713,42,control1,100,85,"54,50","36,50",4,822,34,"4,12",33,0,"0,80",01:12:27,"20,40",,"56,10","1,00"
345,29.9652439459,32.0445806622,42,control1,100,85,"54,50","38,40",4,797,50,"4,35",33,2,"2,30",01:12:31,"20,40",MIL is OFF0 codes,"58,00","1,00"
346,29.9651474865,32.046881853,42,control1,100,85,"54,50","30,60",4,726,33,"4,36",33,5,"3,10",01:12:35,"20,80",MIL is OFF0 codes,"48,60","1,00"
347,29.965051027,32.0491830439,44,control1,100,86,"54,50","39,60",4,811,33,"4,27",33,,"-6,20",01:12:39,"20,40",MIL is OFF0 codes,"52,90","1,00"
348,29.9649545676,32.0514842348,47,control1,100,86,"54,50","38,40",4,776,32,"4,13",33,7,"-7,00",01:12:43,"20,40",MIL is OFF0 codes,"59,20","1,00"
349,29.9648581081,32.0537854257,47,control1,100,86,"54,50","39,60",4,782,34,"4,49",33,8,"-2,30",01:12:47,"20,40",MIL is OFF0 codes,"56,90","1,00"
350,29.9647616486,32.0560866166,46,control1,100,86,"54,50","39,20",4,783,32,"4,34",33,7,"-2,30",01:12:51,"20,40",MIL is OFF0 codes,"56,10","1,00"
351,29.9646651892,32.0583878074,47,control1,100,87,"54,50","36,50",4,772,36,"4,26",33,4,"-7,80",01:12:55,"20,40",MIL is OFF0 codes,"58,40","1,00"
352,29.9645687297,32.0606889983,47,control1,100,87,"54,50","40,40",4,793,36,"4,54",33,0,"-3,10",01:12:59,"20,80",MIL is OFF0 codes,"56,10","1,00"
353,29.9644722703,32.0629901892,47,control1,100,88,"54,10","41,60",4,789,35,"4,48",33,0,"0,00",01:13:04,"20,80",MIL is OFF0 codes,"61,20","1,00"
354,29.9643758108,32.0652913801,47,control1,100,88,"54,10","34,90",4,802,37,"4,18",33,0,"1,60",01:13:08,"20,40",MIL is OFF0 codes,"56,10","1,00"
355,29.9642793514,32.0675925709,47,control1,100,88,"54,10","38,80",4,794,33,"4,38",33,0,"2,30",01:13:12,"20,80",MIL is OFF0 codes,"56,50","1,00"
356,29.9641828919,32.0698937618,47,control1,100,89,"54,10","39,60",4,784,33,"4,42",33,0,"1,60",01:13:16,"20,80",MIL is OFF0 codes,"56,50","1,00"
357,29.9640864324,32.0721949527,47,control1,100,89,"54,10","38,80",4,808,34,"4,27",33,0,"-3,10",01:13:20,"20,40",MIL is OFF0 codes,"59,20","1,00"
358,29.963989973,32.0744961436,47,control1,100,90,"54,10","37,60",4,806,32,"4,18",33,0,"-2,30",01:13:31,"20,40",MIL is OFF0 codes,"55,70","1,00"
359,29.9638935135,32.0767973345,47,control1,100,90,"54,10","39,20",4,808,33,"4,15",33,0,"0,80",01:13:35,"20,40",MIL is OFF0 codes,"54,90","1,00"
360,29.9637970541,32.0790985253,47,control1,100,91,"54,10","38,40",4,800,32,"4,31",33,0,"0,80",01:13:39,"20,40",MIL is OFF0 codes,"54,90","1,00"
361,29.9637005946,32.0813997162,47,control1,100,91,"54,10","38,00",4,799,34,"4,2",33,0,"0,80",01:13:43,"20,40",MIL is OFF0 codes,"56,50","1,00"
362,29.9636041351,32.0837009071,47,control1,100,91,"54,10","37,30",4,799,34,"4,09",33,0,"1,60",01:13:47,"20,40",,"57,30","1,00"
363,29.9635076757,32.086002098,47,control1,100,92,"54,50","37,60",4,802,35,"4,12",33,0,"2,30",01:13:51,"20,80",,"57,30","1,00"
364,29.9634112162,32.0883032889,47,control1,100,92,"54,50","38,40",4,781,33,"4,27",33,0,"1,60",01:13:55,"20,40",,"56,50","1,00"
365,29.9633147568,32.0906044797,47,control1,100,92,"54,50","38,40",4,794,34,"4,1",33,,"-2,30",01:13:59,"20,80",MIL is OFF0 codes,"57,60","1,00"
366,29.9632182973,32.0929056706,47,control1,100,93,"54,50","38,40",4,786,34,"4,37",34,0,"-3,10",01:14:03,"20,80",MIL is OFF0 codes,"57,30","1,00"
367,29.9631218378,32.0952068615,47,control1,100,93,"54,50","38,40",4,799,34,"4,4",34,0,"-3,10",01:14:08,"20,80",MIL is OFF0 codes,"62,70","1,00"
368,29.9630253784,32.0975080524,47,control1,100,94,"54,50","37,30",4,805,34,"4,14",34,0,"1,60",01:14:12,"20,40",MIL is OFF0 codes,"56,90","1,00"
369,29.9629289189,32.0998092432,47,control1,100,94,"54,50","36,90",4,802,33,"4,14",34,0,"1,60",01:14:16,"20,40",MIL is OFF0 codes,"57,30","1,00"
370,29.9628324595,32.1021104341,47,control1,100,94,"54,50","39,60",4,805,34,"4,53",34,0,"-5,50",01:14:20,"20,80",MIL is OFF0 codes,"58,40","1,00"
371,29.962736,32.104411625,47,control1,100,94,"54,50","81,60",4,906,48,"10,41",32,13,"-3,90",01:14:24,"29,40",MIL is OFF0 codes,"62,70","1,00"
372,29.9626395405,32.1067128159,45,control1,100,95,"55,30","15,30",4,1137,19,"2,72",32,16,"10,20",01:14:28,"17,30",MIL is OFF0 codes,"70,20","1,00"
373,29.9625430811,32.1090140068,46,control1,100,95,"54,90","18,40",4,1271,20,"3,4",33,13,"12,50",01:14:32,"20,00",MIL is OFF0 codes,"61,60","1,00"
374,29.9624466216,32.1113151976,45,control1,100,95,"54,50","35,70",4,806,36,"4,44",33,4,"6,20",01:14:36,"20,80",MIL is OFF0 codes,"67,80","1,00"
375,29.9623501622,32.1136163885,43,control1,100,96,"54,10","42,70",4,813,37,"4,73",33,1,"-2,30",01:14:40,"21,20",MIL is OFF0 codes,"54,10","1,00"
376,29.9622537027,32.1159175794,43,control1,100,96,"53,70","40,80",4,810,32,"4,75",34,0,"-5,50",01:14:44,"21,20",MIL is OFF0 codes,"51,40","1,00"
377,29.9621572432,32.1182187703,43,control1,100,96,"54,10","36,50",4,797,36,"4,61",34,0,"-4,70",01:14:48,"21,20",MIL is OFF0 codes,"61,60","1,00"
378,29.9620607838,32.1205199611,43,control1,100,97,"54,10","42,40",4,792,32,"4,67",34,0,"-6,20",01:14:52,"21,60",MIL is OFF0 codes,"54,50","1,00"
379,29.9619643243,32.122821152,43,control1,100,97,"54,10","36,90",4,806,32,"4,38",34,0,"0,80",01:14:56,"20,40",MIL is OFF0 codes,"59,20","1,00"
380,29.9618678649,32.1251223429,43,control1,100,99,"54,90","42,00",4,783,33,"4,64",34,9,"-5,50",01:15:22,"21,60",MIL is OFF0 codes,"59,60","1,00"
381,29.9617714054,32.1274235338,43,control1,100,99,"54,90","41,60",4,796,35,"4,44",34,9,"-7,00",01:15:26,"20,80",MIL is OFF0 codes,"57,30","1,00"
382,29.9616749459,32.1297247247,42,control1,100,99,"54,90","41,60",4,802,34,"4,51",34,8,"-7,80",01:15:30,"20,80",MIL is OFF0 codes,"58,00","1,00"
383,29.9615784865,32.1320259155,42,control1,100,100,"54,90","41,20",4,793,35,"4,84",34,,"-2,30",01:15:34,"21,20",MIL is OFF0 codes,,
384,29.961482027,32.1343271064,42,control1,100,100,"54,90","40,00",4,797,36,"4,36",34,1,"-2,30",01:15:38,"20,80",MIL is OFF0 codes,,
385,29.9613855676,32.1366282973,42,control1,100,100,"54,90","40,80",4,781,33,"4,63",34,0,"0,80",01:15:42,"21,20",MIL is OFF0 codes,,
386,29.9612891081,32.1389294882,42,control1,100,99,"54,90","40,40",4,803,35,"4,32",34,0,"2,30",01:15:46,"20,80",MIL is OFF0 codes,,
387,29.9611926486,32.1412306791,42,control1,100,99,"54,90","38,80",4,797,36,"4,54",,0,"3,90",01:15:50,"20,80",MIL is OFF0 codes,,
388,29.9610961892,32.1435318699,42,control1,100,98,"54,90","42,00",4,793,35,"4,49",34,0,"3,90",01:15:54,"21,20",MIL is OFF0 codes,,
389,29.9609997297,32.1458330608,42,control1,100,97,"54,90","42,70",4,796,35,"4,53",34,0,"-2,30",01:15:59,"21,20",,,
390,29.9609032703,32.1481342517,42,control1,100,96,"54,90","41,20",4,802,36,"4,52",34,0,"-2,30",01:16:02,"20,80",MIL is OFF0 codes,,
391,29.9608068108,32.1504354426,42,control1,100,95,"54,90","40,80",4,802,35,"4,67",34,0,"3,90",01:16:07,"21,20",,,
392,29.9607103514,32.1527366334,42,control1,100,94,"54,90","40,40",4,811,34,"4,49",34,,"2,30",01:16:11,"20,80",,,
393,29.9606138919,32.1550378243,42,control1,100,94,"54,90","39,60",4,795,32,"4,53",34,0,"2,30",01:16:15,"20,80",MIL is OFF0 codes,,
394,29.9605174324,32.1573390152,42,control1,100,93,"54,90","38,40",4,790,33,"4,55",34,0,"-1,60",01:16:19,"20,80",MIL is OFF0 codes,,
395,29.960420973,32.1596402061,42,control1,100,92,"54,90","38,40",4,795,34,"4,09",34,0,"-0,80",01:16:22,"20,40",,,
396,29.9603245135,32.161941397,42,control1,100,91,"54,90","40,80",4,792,61,"4,69",34,,"4,70",01:16:27,"21,20",MIL is OFF0 codes,,
397,29.9602280541,32.1642425878,42,control1,100,91,"55,70","20,00",4,1467,21,"3,12",33,10,"6,20",01:16:31,"20,00",MIL is OFF0 codes,,
398,29.9601315946,32.1665437787,42,control1,100,90,"55,70","18,40",4,1010,27,"2,79",34,9,"-5,50",01:16:35,"17,60",MIL is OFF0 codes,,
399,29.9600351351,32.1688449696,42,control1,100,89,"55,30","35,70",4,778,41,"4,17",34,9,"3,90",01:16:39,"20,40",MIL is OFF0 codes,,
400,29.9599386757,32.1711461605,41,control1,100,89,"54,90","42,00",4,822,32,"4,68",34,9,"3,10",01:16:43,"21,60",MIL is OFF0 codes,,
401,29.9598422162,32.1734473514,40,control1,100,90,"54,90","38,80",4,823,32,"4,12",34,,"0,80",01:16:47,"20,40",MIL is OFF0 codes,,
402,29.9597457568,32.1757485422,43,control1,100,90,"54,50","36,50",4,818,35,"4,21",35,3,"0,80",01:16:51,"20,40",MIL is OFF0 codes,,
403,29.9596492973,32.1780497331,43,control1,100,92,"54,10","36,90",4,800,33,"4,2",35,0,"-0,80",01:17:22,"20,40",MIL is OFF0 codes,,
404,29.9595528378,32.180350924,43,control1,100,93,"54,10","37,60",4,806,34,"4,23",35,0,"3,90",01:17:26,"20,40",MIL is OFF0 codes,,
405,29.9594563784,32.1826521149,43,control1,100,93,"54,10","39,60",4,802,35,"4,29",35,,"3,90",01:17:30,"20,80",MIL is OFF0 codes,,
406,29.9593599189,32.1849533057,43,control1,100,94,"54,50","37,30",4,795,35,"4,11",35,0,"2,30",01:17:34,"20,80",MIL is OFF0 codes,,
407,29.9592634595,32.1872544966,43,control1,100,94,"54,50","38,80",4,793,34,"4,21",35,0,,01:17:38,"20,80",MIL is OFF0 codes,,
408,29.959167,32.1895556875,43,control1,100,94,"54,50","40,00",4,792,51,"4,37",35,2,"-1,60",01:17:42,"20,80",MIL is OFF0 codes,,
409,29.9590705405,32.1918568784,41,control1,100,94,"54,90","85,50",4,982,34,"12,85",33,,"-4,70",01:17:46,"31,00",MIL is OFF0 codes,,
410,29.9589740811,32.1941580693,41,control1,100,95,"55,30","53,30",4,1361,21,"10,7",33,21,"-3,90",01:17:50,"29,40",MIL is OFF0 codes,,
411,29.9588776216,32.1964592601,42,control1,100,95,"55,70","63,50",4,1016,54,"9,75",33,24,"3,90",01:17:54,"28,20",MIL is OFF0 codes,,
412,29.9587811622,32.198760451,44,control1,100,95,"56,10","64,70",4,1227,52,"11,4",33,,"0,80",01:17:58,"29,80",MIL is OFF0 codes,,
413,29.9586847027,32.2010616419,46,control1,100,96,"56,50","52,90",4,1377,46,"10,5",32,27,"0,00",01:18:02,"29,00",MIL is OFF0 codes,,
414,29.9585882432,32.2033628328,46,control1,100,96,"56,90","52,20",4,1376,43,"10,45",32,28,"0,00",01:18:06,"29,00",MIL is OFF0 codes,,
415,29.9584917838,32.2056640236,47,control1,100,97,"56,90","18,40",4,1322,20,"3,38",33,,"9,40",01:18:10,"20,40",MIL is OFF0 codes,,
416,29.9583953243,32.2079652145,48,control1,100,97,"56,50","18,80",4,960,35,"2,88",34,10,"10,90",01:18:14,"18,40",MIL is OFF0 codes,,
417,29.9582988649,32.2102664054,46,control1,100,97,"55,70","38,40",4,801,34,"4,11",35,4,"3,90",01:18:18,"20,40",MIL is OFF0 codes,,
418,29.9582024054,32.2125675963,46,control1,100,97,"55,30","37,60",4,798,33,"4,35",35,1,"-1,60",01:18:22,"20,40",MIL is OFF0 codes,,
419,29.9581059459,32.2148687872,46,control1,100,98,"55,30","37,30",4,789,32,"3,98",35,0,"5,50",01:18:26,"20,40",MIL is OFF0 codes,,
420,29.9580094865,32.217169978,46,control1,100,98,"55,30","38,00",4,792,34,"4,19",35,0,"4,70",01:18:30,"20,40",MIL is OFF0 codes,,
421,29.957913027,32.2194711689,46,control1,100,98,"55,30","35,30",4,797,33,"4,11",,0,"-0,80",01:18:34,"20,40",MIL is OFF0 codes,,
422,29.9578165676,32.2217723598,46,control1,100,99,"55,30","67,10",4,848,19,"7,77",34,12,"-3,10",01:18:52,"25,90",MIL is OFF0 codes,,
423,29.9577201081,32.2240735507,45,control1,100,99,"55,70","89,00",4,1001,36,"11,44",33,20,"-7,00",01:18:56,"30,20",MIL is OFF0 codes,,
424,29.9576236486,32.2263747416,44,control1,100,100,"56,50","47,10",4,1135,40,"9,27",33,22,"1,60",01:19:00,"27,50",MIL is OFF0 codes,,
425,29.9575271892,32.2286759324,44,control1,100,99,"56,10","19,20",4,1047,24,"2,93",35,18,"-2,30",01:19:04,"18,80",,,
426,29.9574307297,32.2309771233,45,control1,100,99,"55,70","31,00",4,880,36,"3,81",35,15,"-6,20",01:19:08,"19,60",,,
427,29.9573342703,32.2332783142,46,control1,100,98,"55,70","54,50",4,740,36,"5,11",35,7,"-1,60",01:19:12,"22,70",,,
428,29.9572378108,32.2355795051,46,control1,100,98,"55,30","44,70",4,792,37,"4,81",36,,"-2,30",01:19:16,"21,60",MIL is OFF0 codes,,
429,29.9571413514,32.2378806959,46,control1,100,97,"54,90","42,00",4,783,34,"4,42",36,0,"1,60",01:19:20,"20,80",MIL is OFF0 codes,,
430,29.9570448919,32.2401818868,46,control1,100,97,"54,90","39,20",4,795,36,"4,47",36,0,"1,60",01:19:24,"20,80",MIL is OFF0 codes,,
431,29.9569484324,32.2424830777,46,control1,100,96,"54,90","42,40",4,792,33,"4,65",36,,"-3,10",01:19:28,"21,20",MIL is OFF0 codes,,
432,29.956851973,32.2447842686,46,control1,100,95,"54,50","41,60",4,808,33,"4,55",36,0,"-3,10",01:19:32,"20,80",MIL is OFF0 codes,,
433,29.9567555135,32.2470854595,46,control1,100,95,"54,50","41,20",4,802,33,"4,57",36,0,"-2,30",01:19:36,"20,80",MIL is OFF0 codes,,
434,29.9566590541,32.2493866503,46,control1,100,94,"54,50","42,00",4,778,36,"4,65",36,0,"-3,10",01:19:40,"21,20",MIL is OFF0 codes,,
435,29.9565625946,32.2516878412,46,control1,100,93,"54,50","40,80",4,805,34,"4,41",36,0,"3,10",01:19:44,"20,40",MIL is OFF0 codes,,
436,29.9564661351,32.2539890321,46,control1,100,93,"54,50","38,00",4,796,44,"5,32",36,0,"0,80",01:19:48,"27,10",MIL is OFF0 codes,,
437,29.9563696757,32.256290223,46,control1,100,92,"54,50","73,30",4,843,35,"2,8",36,0,"0,80",01:19:52,"17,60",MIL is OFF0 codes,,
438,29.9562732162,32.2585914139,46,control1,100,91,"54,50","36,10",4,794,34,"4,29",37,0,"0,80",01:19:56,"20,40",MIL is OFF0 codes,,
439,29.9561767568,32.2608926047,46,control1,100,91,"54,50","37,60",4,798,59,"4,42",36,6,"2,30",01:20:00,"20,40",MIL is OFF0 codes,,
440,29.9560802973,32.2631937956,43,control1,100,90,"55,30","56,50",4,1538,54,"4,58",35,,"5,50",01:20:04,"20,40",MIL is OFF0 codes,,
441,29.9559838378,32.2654949865,41,control1,100,90,"55,70","59,60",4,1594,52,"11,21",34,23,"4,70",01:20:08,"21,20",MIL is OFF0 codes,,
442,29.9558873784,32.2677961774,40,control1,100,91,"55,70","35,70",4,964,22,"4,76",36,37,"4,70",01:20:23,"21,60",MIL is OFF0 codes,,
443,29.9557909189,32.2700973682,37,control1,100,91,"55,70","20,80",4,1007,22,"3,01",36,38,"4,70",01:20:27,"18,80",MIL is OFF0 codes,,
444,29.9556944595,32.2723985591,36,control1,100,91,"55,30","32,20",4,714,21,"4,4",36,39,"-0,80",01:20:31,"22,70",MIL is OFF0 codes,,
445,29.955598,32.27469975,34,control1,100,91,"54,90","20,80",4,1912,21,"5,92",35,39,"0,00",01:20:35,"24,30",MIL is OFF0 codes,,
446,29.9555015405,32.2770009409,32,control1,100,91,"54,50","20,80",4,1944,21,"6,03",35,39,"0,00",01:20:39,"24,30",MIL is OFF0 codes,,
447,29.9554050811,32.2793021318,33,control1,100,90,"54,50","20,80",4,1906,20,"5,99",35,36,"0,00",01:20:43,"23,90",MIL is OFF0 codes,,
448,29.9553086216,32.2816033226,35,control1,100,90,"54,10","20,80",4,1730,22,"5,55",35,33,"10,20",01:20:47,"23,50",MIL is OFF0 codes,,
449,29.9552121622,32.2839045135,36,control1,100,90,"54,10","32,90",4,1633,29,"8,08",35,33,"4,70",01:20:51,"26,70",MIL is OFF0 codes,,
450,29.9551157027,32.2862057044,37,control1,100,89,"54,50","36,90",4,1635,42,"8,69",34,,"-2,30",01:20:55,"27,10",MIL is OFF0 codes,,
451,29.9550192432,32.2885068953,38,control1,100,89,"54,50","49,00",4,1120,42,"7,86",34,33,"0,00",01:20:59,"26,70",MIL is OFF0 codes,,
452,29.9549227838,32.2908080861,36,control1,100,89,"54,50","49,40",4,1142,42,"8,52",34,35,"-0,80",01:21:03,"27,10",MIL is OFF0 codes,,
453,29.9548263243,32.293109277,37,control1,100,89,"54,50","49,80",4,1158,41,"8,41",34,34,"-0,80",01:21:07,"26,70",MIL is OFF0 codes,,
454,29.9547298649,32.2954104679,37,control1,100,89,"54,90","49,40",4,1153,39,"7,74",35,,"0,80",01:21:11,"26,30",MIL is OFF0 codes,,
455,29.9546334054,32.2977116588,38,control1,100,90,"54,90","44,30",4,1151,38,"7,33",35,34,"3,10",01:21:15,"25,90",MIL is OFF0 codes,,
456,29.9545369459,32.3000128497,37,control1,100,89,"54,90","43,50",4,1149,40,"7,32",35,35,"3,90",01:21:19,"25,90",MIL is OFF0 codes,,
457,29.9544404865,32.3023140405,36,control1,100,90,"54,90","47,80",4,1166,42,"8,07",35,,"-1,60",01:21:23,"26,70",MIL is OFF0 codes,,
458,29.954344027,32.3046152314,36,control1,100,89,"54,90","48,20",4,1187,39,"8,2",35,35,"3,90",01:21:27,"26,70",MIL is OFF0 codes,,
459,29.9542475676,32.3069164223,35,control1,100,90,"54,90","42,40",4,1202,36,"7,28",,36,"3,90",01:21:32,"25,90",MIL is OFF0 codes,"66,70","1,00"
460,29.9541511081,32.3092176132,33,control1,100,90,"54,90","43,10",4,1188,36,"7,36",35,,"-0,80",01:21:36,"25,90",MIL is OFF0 codes,"66,30","1,00"
461,29.9540546486,32.3115188041,34,control1,100,90,"54,90","43,10",4,1169,36,"7,3",35,35,"3,90",01:21:40,"25,90",MIL is OFF0 codes,"65,90","1,00"
462,29.9539581892,32.3138199949,35,control1,100,89,"54,90","40,80",4,1167,35,"6,76",35,36,"3,90",01:21:44,"25,10",MIL is OFF0 codes,"66,30","1,00"
463,29.9538617297,32.3161211858,36,control1,100,89,"54,90","39,60",4,1188,32,"6,79",35,36,"4,70",01:21:48,"25,10",MIL is OFF0 codes,"66,70","1,00"
464,29.9537652703,32.3184223767,35,control1,100,89,"54,90","28,20",4,1207,35,"2,79",35,35,"-2,30",01:21:52,"18,00",MIL is OFF0 codes,,
465,29.9536688108,32.3207235676,35,control1,100,89,"54,90","39,60",4,1183,34,"6,89",35,35,"-0,80",01:21:56,"25,10",MIL is OFF0 codes,,
466,29.9535723514,32.3230247584,34,control1,100,89,"54,90","39,60",4,1167,35,"6,62",35,34,"-3,90",01:22:00,"25,10",MIL is OFF0 codes,,
467,29.9534758919,32.3253259493,35,control1,100,89,"54,90","12,20",4,1121,22,"2,85",36,31,"-10,90",01:22:04,"18,40",MIL is OFF0 codes,,
468,29.9533794324,32.3276271402,34,control1,100,89,"54,90","20,40",4,1019,22,"2,96",37,29,"2,30",01:22:08,"18,80",MIL is OFF0 codes,,
469,29.953282973,32.3299283311,32,control1,100,89,"54,50","22,70",4,966,21,"3,01",37,28,"3,90",01:22:12,"18,80",,,
470,29.9531865135,32.332229522,31,control1,100,89,"54,50","21,60",4,943,24,"2,88",38,27,"4,70",01:22:16,"18,40",MIL is OFF0 codes,,
471,29.9530900541,32.3345307128,33,control1,100,89,"54,50","25,90",4,895,26,"3,16",38,26,"-1,60",01:22:20,"19,20",,,
472,29.9529935946,32.3368319037,33,control1,100,89,"54,50","34,10",4,754,40,"4,15",37,25,"3,10",01:22:24,"20,40",,,
473,29.9528971351,32.3391330946,34,control1,100,88,"54,50","45,50",4,1281,38,"8,36",36,,"-0,80",01:22:28,"27,10",MIL is OFF0 codes,,
474,29.9528006757,32.3414342855,35,control1,100,88,"54,50","44,30",4,1381,38,"8,68",35,29,"-6,20",01:22:32,"27,50",MIL is OFF0 codes,,
475,29.9527042162,32.3437354764,35,control1,100,88,"54,50","42,70",4,1449,36,"9,08",35,31,"-0,80",01:22:36,"27,50",MIL is OFF0 codes,,
476,29.9526077568,32.3460366672,33,control1,100,88,"54,90","43,50",4,1530,41,"9,71",35,,"0,00",01:22:40,"28,20",MIL is OFF0 codes,,
477,29.9525112973,32.3483378581,34,control1,100,88,"54,90","51,80",4,1031,47,"7,64",35,32,"3,90",01:22:44,"26,30",MIL is OFF0 codes,,
478,29.9524148378,32.350639049,34,control1,100,89,"54,90","52,50",4,1070,44,"8,2",35,33,"-1,60",01:22:48,"26,70",MIL is OFF0 codes,,
479,29.9523183784,32.3529402399,35,control1,100,89,"54,90","52,90",4,1119,43,"8,33",35,34,"3,90",01:22:52,"27,10",MIL is OFF0 codes,,
480,29.9522219189,32.3552414307,35,control1,100,89,"54,90","48,20",4,1164,39,"8,13",35,36,"-2,30",01:22:56,"26,70",MIL is OFF0 codes,,
481,29.9521254595,32.3575426216,36,control1,100,89,"54,90","44,70",4,1189,39,"7,86",35,36,"3,90",01:23:00,"26,30",MIL is OFF0 codes,,
482,29.952029,32.3598438125,35,control1,100,89,"54,90","45,50",4,1219,37,"7,85",35,37,"-1,60",01:23:04,"26,70",MIL is OFF0 codes,,
483,29.9519325405,32.3621450034,34,control1,100,89,"54,90","37,30",4,1231,33,"6,71",36,35,"-6,20",01:23:08,"24,30",MIL is OFF0 codes,,
484,29.9518360811,32.3644461943,35,control1,100,89,"54,90","41,20",4,1154,35,"6,86",36,34,"4,70",01:23:12,"25,10",MIL is OFF0 codes,,
485,29.9517396216,32.3667473851,34,control1,100,89,"54,90","42,00",4,1142,35,"6,8",36,,"-1,60",01:23:16,"25,10",MIL is OFF0 codes,,
486,29.9516431622,32.369048576,34,control1,100,89,"54,90","42,40",4,1142,36,"6,63",36,34,"3,90",01:23:20,"25,10",MIL is OFF0 codes,,
487,29.9515467027,32.3713497669,34,control1,100,89,"54,90","41,60",4,1142,35,"6,76",36,34,"-1,60",01:23:24,"25,10",MIL is OFF0 codes,,
488,29.9514502432,32.3736509578,35,control1,100,89,"54,90","40,80",4,1149,36,"6,75",36,35,"-1,60",01:23:29,"25,10",MIL is OFF0 codes,,
489,29.9513537838,32.3759521486,35,control1,100,88,"54,90","40,40",4,1153,34,"6,91",36,34,"3,10",01:23:33,"25,10",MIL is OFF0 codes,,
490,29.9512573243,32.3782533395,37,control1,100,88,"54,90","40,40",4,1150,34,"6,67",36,34,"3,10",01:23:37,"24,70",MIL is OFF0 codes,,
491,29.9511608649,32.3805545304,37,control1,100,88,"54,90","40,80",4,1128,36,"6,51",36,33,"-2,30",01:23:41,"24,70",MIL is OFF0 codes,,
492,29.9510644054,32.3828557213,37,control1,100,88,"54,90","41,20",4,1116,36,"6,65",36,,"3,90",01:23:45,"24,70",MIL is OFF0 codes,,
493,29.9509679459,32.3851569122,37,control1,100,88,"54,90","42,40",4,1117,34,"6,67",36,31,"3,90",01:23:49,"20,80",MIL is OFF0 codes,,
494,29.9508714865,32.387458103,38,control1,100,88,"54,90","38,80",4,1555,36,9,36,,"-2,30",01:23:53,"27,50",MIL is OFF0 codes,,
495,29.950775027,32.3897592939,39,control1,100,88,"54,90","42,70",4,1558,38,"9,92",36,32,"4,70",01:23:57,"28,20",MIL is OFF0 codes,,
496,29.9506785676,32.3920604848,39,control1,100,88,"54,90","45,10",4,1529,40,"10,27",35,31,"0,00",01:24:01,"28,60",MIL is OFF0 codes,,
497,29.9505821081,32.3943616757,39,control1,100,88,"54,90","46,70",4,1517,39,"10,06",35,30,,01:24:05,"28,60",MIL is OFF0 codes,,
498,29.9504856486,32.3966628666,40,control1,100,88,"55,30","45,90",4,1498,31,"10,05",35,,"-0,80",01:24:09,"28,60",MIL is OFF0 codes,,
499,29.9503891892,32.3989640574,42,control1,100,88,"55,30","22,00",4,1462,19,"3,28",36,30,"-0,80",01:24:13,,MIL is OFF0 codes,,
500,29.9502927297,32.4012652483,43,control1,100,88,"54,90","18,80",4,1229,31,"3,43",36,23,"12,50",01:24:17,"20,00",MIL is OFF0 codes,,
501,29.9501962703,32.4035664392,42,control1,100,88,"54,90","36,90",4,1113,31,"5,83",36,23,"4,70",01:24:21,"23,90",MIL is OFF0 codes,,
502,29.9500998108,32.4058676301,42,control1,100,88,"54,90","36,50",4,1143,20,"5,99",36,21,"-1,60",01:24:25,"23,90",MIL is OFF0 codes,,
503,29.9500033514,32.4081688209,42,control1,100,88,"54,50","20,80",4,988,25,,37,,"3,10",01:24:29,"20,40",MIL is OFF0 codes,,
504,29.9499068919,32.4104700118,42,control1,100,88,"54,50","30,60",4,829,40,"3,38",38,15,"-1,60",01:24:33,"19,60",MIL is OFF0 codes,,
505,29.9498104324,32.4127712027,42,control1,100,89,"54,50","65,10",4,725,20,"6,78",38,11,"-1,60",01:24:37,"25,50",MIL is OFF0 codes,,
506,29.949713973,32.4150723936,43,control1,100,89,"54,50","31,40",4,842,47,"3,5",38,8,"-1,60",01:24:41,"19,20",MIL is OFF0 codes,,
507,29.9496175135,32.4173735845,43,control1,100,89,"54,50","60,00",4,736,31,"6,04",38,7,"-0,80",01:24:45,"24,70",MIL is OFF0 codes,,
508,29.9495210541,32.4196747753,45,control1,100,89,"54,50","54,90",4,886,54,"10,97",37,12,"6,20",01:24:49,"30,60",MIL is OFF0 codes,,
509,29.9494245946,32.4219759662,45,control1,100,90,"55,30","55,30",4,1195,27,"9,1",36,,"-3,90",01:24:53,"27,50",MIL is OFF0 codes,,
510,29.9493281351,32.4242771571,44,control1,100,90,"55,30","30,20",4,1130,35,"4,91",36,14,"-3,90",01:24:58,"22,70",MIL is OFF0 codes,,
511,29.9492316757,32.426578348,36,control1,100,90,"54,90","39,60",4,1780,22,"9,62",36,24,"3,10",01:25:02,"25,10",MIL is OFF0 codes,,
512,29.9491352162,32.4288795389,38,control1,100,91,"53,30","48,20",4,1030,41,"6,94",36,20,"7,00",01:25:27,"25,50",MIL is OFF0 codes,"62,70","1,00"
513,29.9490387568,32.4311807297,37,control1,100,91,"53,70","44,30",4,1002,42,"6,34",36,19,"3,90",01:25:31,"24,70",MIL is OFF0 codes,,
514,29.9489422973,32.4334819206,38,control1,100,91,"53,70","52,90",4,932,46,"7,08",36,,"-2,30",01:25:35,"25,90",MIL is OFF0 codes,,
515,29.9488458378,32.4357831115,38,control1,100,91,"53,70","49,40",4,928,46,"6,52",36,18,"-2,30",01:25:39,"25,10",MIL is OFF0 codes,,
516,29.9487493784,32.4380843024,39,control1,100,91,"53,70","51,40",4,908,46,"6,78",36,19,"3,10",01:25:43,"25,50",MIL is OFF0 codes,,
517,29.9486529189,32.4403854932,39,control1,100,91,"54,10","52,20",4,950,47,"7,23",36,21,"-2,30",01:25:47,"26,30",MIL is OFF0 codes,,
518,29.9485564595,32.4426866841,41,control1,100,91,"54,10","56,10",4,1043,47,"8,11",36,22,"-4,70",01:25:51,"27,10",MIL is OFF0 codes,,
519,29.94846,32.444987875,41,control1,100,91,"54,10","52,50",4,1126,39,"8,21",35,23,"0,00",01:25:55,"26,70",MIL is OFF0 codes,,
520,29.9483635405,32.4472890659,42,control1,100,91,"54,10","12,50",4,1086,26,"2,37",37,18,"-2,30",01:25:59,"18,40",MIL is OFF0 codes,,
521,29.9482670811,32.4495902568,41,control1,100,91,"54,10","31,40",4,812,47,"3,55",37,16,"1,60",01:26:03,"18,80",,,
522,29.9481706216,32.4518914476,42,control1,100,91,"53,70","55,30",4,879,44,"6,6",37,20,"4,70",01:26:07,"25,50",,,
523,29.9480741622,32.4541926385,43,control1,100,91,"53,70","50,20",4,1004,19,"7,17",37,20,"0,00",01:26:11,"25,10",,,
524,29.9479777027,32.4564938294,41,control1,100,91,"53,70","18,80",4,962,27,"2,78",38,17,"-2,30",01:26:15,"18,40",MIL is OFF0 codes,,
525,29.9478812432,32.4587950203,42,control1,100,90,"53,70","48,60",4,937,47,"6,94",37,21,"3,90",01:26:19,"25,90",MIL is OFF0 codes,,
526,29.9477847838,32.4610962111,42,control1,100,90,"53,70","47,80",4,1131,19,"8,29",36,25,"4,70",01:26:23,"26,70",MIL is OFF0 codes,,
527,29.9476883243,32.463397402,40,control1,100,90,"53,70","20,40",4,1206,19,"3,22",37,,"9,40",01:26:27,"19,20",MIL is OFF0 codes,,
528,29.9475918649,32.4656985929,38,control1,100,90,"53,70","20,80",4,1143,21,"3,41",38,22,"-6,20",01:26:31,"19,20",MIL is OFF0 codes,,
529,29.9474954054,32.4679997838,35,control1,100,90,"54,10","20,80",4,1070,20,"2,85",38,21,"3,10",01:26:35,"18,80",MIL is OFF0 codes,,
530,29.9473989459,32.4703009747,36,control1,100,90,"54,10","57,30",4,1078,28,"8,68",36,26,"3,90",01:26:39,"27,50",MIL is OFF0 codes,,
531,29.9473024865,32.4726021655,37,control1,100,89,"54,10","18,00",4,1248,21,"3,41",37,21,"12,50",01:26:43,"19,60",MIL is OFF0 codes,,
532,29.947206027,32.4749033564,34,control1,100,89,"54,10","27,80",4,827,50,"3,35",37,18,"4,70",01:26:47,"19,60",MIL is OFF0 codes,,
533,29.9471095676,32.4772045473,37,control1,100,89,"53,70","70,60",4,980,58,"10,08",36,24,"3,10",01:26:51,"29,40",MIL is OFF0 codes,,
534,29.9470131081,32.4795057382,41,control1,100,88,"54,90","72,50",4,1178,58,"12,4",35,36,"-10,20",01:27:26,"30,20",MIL is OFF0 codes,,
535,29.9469166486,32.4818069291,43,control1,100,86,"54,50","54,10",4,1314,52,"10,28",35,28,"7,00",01:27:54,"29,00",,,
536,29.9468201892,32.4841081199,42,control1,100,86,"54,90","59,60",4,1451,50,"12,79",35,33,"-3,90",01:27:58,"30,60",MIL is OFF0 codes,,
537,29.9467237297,32.4864093108,42,control1,100,86,"55,30","60,80",4,1626,48,"14,32",34,34,"-8,60",01:28:02,"31,00",,,
538,29.9466272703,32.4887105017,43,control1,100,85,"55,70","56,90",4,1691,50,"14,33",34,34,"-3,10",01:28:06,"31,00",,,
539,29.9465308108,32.4910116926,44,control1,100,85,"56,10","58,80",4,1683,50,"14,43",34,,"-3,10",01:28:10,"31,40",MIL is OFF0 codes,,
540,29.9464343514,32.4933128834,47,control1,100,85,"56,50","62,40",4,1625,52,15,34,33,"0,00",01:28:14,"31,40",MIL is OFF0 codes,,
541,29.9463378919,32.4956140743,48,control1,100,85,"56,50","59,20",4,1613,42,"13,76",34,33,"-3,10",01:28:18,"31,00",MIL is OFF0 codes,,
542,29.9462414324,32.4979152652,50,control1,100,85,"56,90","25,10",4,1606,20,"3,96",34,29,"0,00",01:28:22,"20,80",MIL is OFF0 codes,,
543,29.946144973,32.5002164561,48,control1,100,85,"56,50","17,30",4,1457,23,"4,01",35,33,"1,60",01:28:26,"21,60",MIL is OFF0 codes,,
544,29.9460485135,32.502517647,46,control1,100,85,"55,70","23,50",4,1135,20,"3,8",35,38,"6,20",01:28:30,"19,20",MIL is OFF0 codes,,
545,29.9459520541,32.5048188378,42,control1,100,85,"55,30","18,80",4,1317,33,"3,57",35,41,"20,30",01:28:34,"20,80",MIL is OFF0 codes,,
546,29.9458555946,32.5071200287,39,control1,100,85,"54,90","35,30",4,1410,33,"7,33",35,40,"12,50",01:28:38,"25,90",MIL is OFF0 codes,,
547,29.9457591351,32.5094212196,37,control1,100,85,"53,70","43,90",4,1296,31,"8,03",34,32,"7,80",01:28:42,"26,30",MIL is OFF0 codes,,
548,29.9456626757,32.5117224105,37,control1,100,85,"52,90","47,10",4,1459,20,"9,62",35,29,"-6,20",01:28:46,"28,20",MIL is OFF0 codes,,
549,29.9455662162,32.5140236014,38,control1,100,85,"52,50","17,60",4,1450,45,"4,8",34,32,"18,80",01:28:50,"24,30",MIL is OFF0 codes,,
550,29.9454697568,32.5163247922,37,control1,100,84,"52,90","50,60",4,1661,41,"12,36",34,36,"7,00",01:28:54,"30,20",MIL is OFF0 codes,,
551,29.9453732973,32.5186259831,35,control1,100,84,"53,30","46,70",4,1793,39,"12,41",34,37,"-3,90",01:28:58,"30,20",MIL is OFF0 codes,,
552,29.9452768378,32.520927174,35,control1,100,84,"53,70","96,10",4,1046,46,"13,86",34,37,"-7,80",01:29:27,"32,20",MIL is OFF0 codes,,
553,29.9451803784,32.5232283649,35,control1,100,84,"54,10","35,70",4,1222,36,"6,43",34,35,"0,00",01:29:39,"24,30",MIL is OFF0 codes,"68,20","1,00"
554,29.9450839189,32.5255295557,36,control1,100,84,"54,10","45,10",4,1183,39,"7,61",34,34,"3,90",01:29:43,"26,30",MIL is OFF0 codes,,
555,29.9449874595,32.5278307466,37,control1,100,84,"54,10","45,90",4,1125,43,"7,5",34,32,"3,10",01:29:47,"26,30",MIL is OFF0 codes,,
556,29.944891,32.5301319375,36,control1,100,84,"54,10","52,20",4,1065,46,"8,17",34,30,"-2,30",01:29:51,"26,70",MIL is OFF0 codes,,
557,29.9447945405,32.5324331284,35,control1,100,84,"54,50","59,60",4,1015,45,"8,61",34,26,"0,80",01:29:55,"27,10",MIL is OFF0 codes,,
558,29.9446980811,32.5347343193,36,control1,100,84,"54,50","56,50",4,1282,56,"13,06",34,27,"-3,90",01:29:59,"31,00",MIL is OFF0 codes,,
559,29.9446016216,32.5370355101,36,control1,100,84,"55,30","66,30",4,1331,56,"12,85",33,28,"-7,00",01:30:03,"30,60",MIL is OFF0 codes,,
560,29.9445051622,32.539336701,39,control1,100,84,"55,70","64,70",4,1376,56,"13,01",33,29,"-5,50",01:30:07,"30,60",,,
561,29.9444087027,32.5416378919,41,control1,100,84,"56,50","64,70",4,1457,53,"10,35",33,28,"1,60",01:30:11,"23,10",,,
562,29.9443122432,32.5439390828,40,control1,100,84,"56,10","60,80",4,931,50,"8,09",33,29,"6,20",01:30:15,"26,70",,,
563,29.9442157838,32.5462402736,40,control1,100,84,"56,10","59,60",4,1005,41,"8,39",33,31,"7,00",01:30:19,"26,70",,,
564,29.9441193243,32.5485414645,40,control1,100,85,"55,70","43,50",4,1097,20,"6,3",34,31,"2,30",01:30:23,"23,90",MIL is OFF0 codes,,
565,29.9440228649,32.5508426554,40,control1,100,85,"55,30","21,20",4,1023,32,"2,88",35,30,"2,30",01:30:27,"18,80",MIL is OFF0 codes,,
566,29.9439264054,32.5531438463,37,control1,100,85,"55,30","34,90",4,990,34,"5,2",35,,"0,00",01:30:31,"22,40",MIL is OFF0 codes,,
567,29.9438299459,32.5554450372,39,control1,100,85,"55,30","38,40",4,968,41,"5,25",35,28,"-2,30",01:30:35,"22,40",MIL is OFF0 codes,,
568,29.9437334865,32.557746228,37,control1,100,86,"54,90","51,40",4,950,47,"6,93",34,29,"3,90",01:30:39,"25,90",MIL is OFF0 codes,,
569,29.943637027,32.5600474189,37,control1,100,86,"55,30","55,70",4,990,49,"8,14",34,30,"4,70",01:30:43,"26,70",MIL is OFF0 codes,,
570,29.9435405676,32.5623486098,37,control1,100,86,"55,30","51,00",4,997,39,"6,51",34,26,"4,70",01:30:47,"24,30",MIL is OFF0 codes,,
571,29.9434441081,32.5646498007,38,control1,100,86,"54,90","15,70",4,1273,20,"4,33",35,20,"7,80",01:30:51,"20,80",MIL is OFF0 codes,,
572,29.9433476486,32.5669509916,40,control1,100,86,"54,90","28,20",4,958,48,"4,78",34,19,"7,80",01:30:55,"23,90",MIL is OFF0 codes,,
573,29.9432511892,32.5692521824,39,control1,100,87,"54,90","72,50",4,954,58,"10,38",34,24,"-1,60",01:30:59,"29,40",MIL is OFF0 codes,,
574,29.9431547297,32.5715533733,38,control1,100,87,"55,30","66,70",4,1250,50,"12,17",33,28,"0,00",01:31:03,"30,20",MIL is OFF0 codes,,
575,29.9430582703,32.5738545642,40,control1,100,87,"55,70","59,60",4,1423,50,"12,57",33,,"0,00",01:31:07,"30,20",MIL is OFF0 codes,,
576,29.9429618108,32.5761557551,43,control1,100,87,"56,10","44,30",4,1458,41,"9,38",33,29,"1,60",01:31:11,,MIL is OFF0 codes,,
577,29.9428653514,32.5784569459,46,control1,100,88,"56,10","54,50",4,1381,19,"11,13",33,29,"-1,60",01:31:15,"29,40",MIL is OFF0 codes,,
578,29.9427688919,32.5807581368,48,control1,100,88,"56,10","18,00",4,1254,21,"3,28",34,26,"11,70",01:31:19,"20,00",MIL is OFF0 codes,,
579,29.9426724324,32.5830593277,49,control1,100,88,"56,10","22,40",4,923,47,"3,24",35,20,"-0,80",01:31:24,"19,60",MIL is OFF0 codes,,
580,29.942575973,32.5853605186,50,control1,100,88,"55,70","52,50",4,897,43,"6,69",34,21,"-0,80",01:31:27,"25,50",MIL is OFF0 codes,,
581,29.9424795135,32.5876617095,48,control1,100,89,"55,70","49,40",4,1103,38,"7,86",33,25,"-1,60",01:31:31,"26,70",MIL is OFF0 codes,,
582,29.9423830541,32.5899629003,48,control1,100,89,"55,70","15,70",4,1273,20,"3,28",34,,"8,60",01:31:35,"19,60",MIL is OFF0 codes,,
583,29.9422865946,32.5922640912,46,control1,100,89,"55,30","18,40",4,1255,19,"3,44",34,26,"18,80",01:31:40,"20,40",MIL is OFF0 codes,,
584,29.9421901351,32.5945652821,44,control1,100,89,"54,90","19,60",4,1346,20,"3,56",34,26,"18,80",01:31:44,"20,80",MIL is OFF0 codes,,
585,29.9420936757,32.596866473,42,control1,100,89,"54,90","18,80",4,1274,29,"3,55",34,21,"18,00",01:31:47,,MIL is OFF0 codes,,
586,29.9419972162,32.5991676639,42,control1,100,89,"54,10","36,50",4,785,35,"3,99",35,12,"2,30",01:31:52,"20,00",MIL is OFF0 codes,,
587,29.9419007568,32.6014688547,40,control1,100,89,"52,50","43,90",4,789,69,"4,77",35,12,"2,30",01:31:56,"21,20",MIL is OFF0 codes,,
588,29.9418042973,32.6037700456,40,control1,100,89,"52,20","83,90",4,1150,23,"13,4",33,,"-5,50",01:32:00,"31,40",MIL is OFF0 codes,,
589,29.9417078378,32.6060712365,42,control1,100,90,"53,30","16,90",4,1049,50,"2,86",34,,"1,60",01:32:04,"17,60",MIL is OFF0 codes,,
590,29.9416113784,32.6083724274,40,control1,100,90,"52,90","37,30",4,781,33,"4,57",35,15,"5,50",01:32:08,"23,10",MIL is OFF0 codes,,
591,29.9415149189,32.6106736182,40,control1,100,90,"52,50","41,60",4,780,18,"4,7",35,16,"-1,60",01:32:12,"21,60",MIL is OFF0 codes,,
592,29.9414184595,32.6129748091,40,control1,100,90,"50,60","19,60",4,1174,26,"3,29",35,10,"2,30",01:32:16,"19,60",MIL is OFF0 codes,,
593,29.941322,32.615276,38,control1,100,90,"51,00","31,40",4,764,59,"3,94",35,9,"4,70",01:32:20,"20,40",MIL is OFF0 codes,,
